-- phpMyAdmin SQL Dump
-- version 5.2.1
-- https://www.phpmyadmin.net/
--
-- Host: 127.0.0.1
-- Generation Time: Feb 17, 2025 at 10:55 AM
-- Server version: 10.4.32-MariaDB
-- PHP Version: 8.2.12

SET SQL_MODE = "NO_AUTO_VALUE_ON_ZERO";
START TRANSACTION;
SET time_zone = "+00:00";


/*!40101 SET @OLD_CHARACTER_SET_CLIENT=@@CHARACTER_SET_CLIENT */;
/*!40101 SET @OLD_CHARACTER_SET_RESULTS=@@CHARACTER_SET_RESULTS */;
/*!40101 SET @OLD_COLLATION_CONNECTION=@@COLLATION_CONNECTION */;
/*!40101 SET NAMES utf8mb4 */;

--
-- Database: `rentals`
--

-- --------------------------------------------------------

--
-- Table structure for table `accs_summary`
--

CREATE TABLE `accs_summary` (
  `id` int(11) NOT NULL,
  `balance_bf` int(11) NOT NULL DEFAULT 0,
  `expected_gross` int(11) NOT NULL DEFAULT 0,
  `total_collected` int(11) NOT NULL DEFAULT 0,
  `expected_profit` int(11) NOT NULL DEFAULT 0,
  `accumulated_profit` int(11) NOT NULL DEFAULT 0,
  `f_year` int(11) NOT NULL,
  `f_month` varchar(100) NOT NULL
) ENGINE=InnoDB DEFAULT CHARSET=utf8mb4 COLLATE=utf8mb4_general_ci;

-- --------------------------------------------------------

--
-- Table structure for table `balances`
--

CREATE TABLE `balances` (
  `id` int(11) NOT NULL,
  `tenant` int(11) DEFAULT NULL,
  `landlord` int(11) DEFAULT NULL,
  `year` int(11) NOT NULL,
  `month` varchar(100) NOT NULL,
  `balance_bf` int(11) NOT NULL DEFAULT 0,
  `balance_due` int(11) NOT NULL DEFAULT 0,
  `total_balance` int(11) NOT NULL DEFAULT 0
) ENGINE=InnoDB DEFAULT CHARSET=utf8mb4 COLLATE=utf8mb4_general_ci;

--
-- Dumping data for table `balances`
--

INSERT INTO `balances` (`id`, `tenant`, `landlord`, `year`, `month`, `balance_bf`, `balance_due`, `total_balance`) VALUES
(1, NULL, 1, 2025, 'Feb', 0, 0, 0),
(2, NULL, 2, 2025, 'Feb', 0, 0, 0),
(3, NULL, 3, 2025, 'Feb', 0, 0, 0),
(4, 1, NULL, 2025, 'Feb', 730000, 450000, 1180000),
(5, 2, NULL, 2025, 'Feb', 130000, 90000, 220000),
(6, 3, NULL, 2025, 'Feb', 240000, 140000, 380000),
(7, 4, NULL, 2025, 'Feb', 150000, 150000, 300000),
(8, 5, NULL, 2025, 'Feb', 0, 100000, 100000),
(9, 6, NULL, 2025, 'Feb', 100000, 100000, 200000),
(10, 7, NULL, 2025, 'Feb', 110000, 110000, 220000),
(11, 8, NULL, 2025, 'Feb', 0, 150000, 150000),
(12, 9, NULL, 2025, 'Feb', 200000, 200000, 400000),
(13, 10, NULL, 2025, 'Feb', 0, 130000, 130000),
(14, 11, NULL, 2025, 'Feb', 1000000, 1000000, 2000000),
(15, 12, NULL, 2025, 'Feb', 80000, 150000, 230000),
(16, 13, NULL, 2025, 'Feb', 200000, 180000, 380000),
(17, 14, NULL, 2025, 'Feb', 0, 170000, 170000),
(18, 15, NULL, 2025, 'Feb', 40000, 170000, 210000),
(19, 16, NULL, 2025, 'Feb', 0, 100000, 100000),
(20, 17, NULL, 2025, 'Feb', 0, 150000, 150000),
(21, 18, NULL, 2025, 'Feb', 0, 170000, 170000),
(22, 19, NULL, 2025, 'Feb', 0, 150000, 150000),
(23, 20, NULL, 2025, 'Feb', 250000, 150000, 400000),
(24, 21, NULL, 2025, 'Feb', 150000, 150000, 300000),
(25, 22, NULL, 2025, 'Feb', 150000, 150000, 300000),
(26, 23, NULL, 2025, 'Feb', 0, 190000, 190000),
(27, 24, NULL, 2025, 'Feb', 0, 160000, 60000),
(28, 25, NULL, 2025, 'Feb', 70000, 70000, 140000),
(29, 26, NULL, 2025, 'Feb', 90000, 90000, 180000),
(30, 27, NULL, 2025, 'Feb', 25000, 80000, 105000),
(31, 28, NULL, 2025, 'Feb', 80000, 80000, 160000),
(32, 29, NULL, 2025, 'Feb', 95000, 80000, 175000),
(33, 30, NULL, 2025, 'Feb', 0, 120000, 120000),
(34, 31, NULL, 2025, 'Feb', 20000, 60000, 80000),
(35, 32, NULL, 2025, 'Feb', 0, 70000, 0),
(36, 33, NULL, 2025, 'Feb', 30000, 70000, 100000),
(37, 34, NULL, 2025, 'Feb', 0, 70000, 0),
(38, 35, NULL, 2025, 'Feb', 0, 50000, 50000),
(39, 36, NULL, 2025, 'Feb', 80000, 80000, 160000),
(40, 37, NULL, 2025, 'Feb', 0, 70000, 70000),
(41, 38, NULL, 2025, 'Feb', 15000, 50000, 65000),
(42, 39, NULL, 2025, 'Feb', 0, 70000, 60000),
(43, 40, NULL, 2025, 'Feb', 0, 70000, 70000),
(44, 41, NULL, 2025, 'Feb', 0, 100000, 100000),
(45, 42, NULL, 2025, 'Feb', 0, 120000, 0),
(46, 43, NULL, 2025, 'Feb', 0, 90000, 90000),
(47, 44, NULL, 2025, 'Feb', 60000, 100000, 160000),
(48, 45, NULL, 2025, 'Feb', 0, 100000, 100000),
(49, 46, NULL, 2025, 'Feb', 20000, 90000, 110000),
(50, 47, NULL, 2025, 'Feb', 40000, 100000, 140000),
(51, 48, NULL, 2025, 'Feb', 0, 90000, 90000),
(52, 49, NULL, 2025, 'Feb', 0, 100000, 100000),
(53, 50, NULL, 2025, 'Feb', 0, 100000, 60000),
(54, 51, NULL, 2025, 'Feb', 0, 120000, 0),
(55, 52, NULL, 2025, 'Feb', 15000, 100000, 115000),
(56, 53, NULL, 2025, 'Feb', 20000, 60000, 80000),
(57, 54, NULL, 2025, 'Feb', 30000, 70000, 100000),
(58, 55, NULL, 2025, 'Feb', 70000, 60000, 130000),
(59, 56, NULL, 2025, 'Feb', 0, 70000, 0),
(60, 57, NULL, 2025, 'Feb', 60000, 140000, 200000),
(61, 58, NULL, 2025, 'Feb', 70000, 70000, 140000),
(62, 59, NULL, 2025, 'Feb', 70000, 70000, 140000),
(63, 60, NULL, 2025, 'Feb', 0, 70000, 0),
(64, 61, NULL, 2025, 'Feb', 0, 70000, 70000),
(65, 62, NULL, 2025, 'Feb', 50000, 50000, 100000),
(66, 63, NULL, 2025, 'Feb', 0, 70000, 0),
(67, 64, NULL, 2025, 'Feb', 0, 50000, 50000),
(68, 65, NULL, 2025, 'Feb', 0, 70000, 0),
(69, 66, NULL, 2025, 'Feb', 10000, 60000, 70000),
(70, 67, NULL, 2025, 'Feb', 30000, 60000, 90000),
(71, 68, NULL, 2025, 'Feb', 70000, 70000, 140000),
(72, 69, NULL, 2025, 'Feb', 90000, 120000, 210000),
(73, 70, NULL, 2025, 'Feb', 0, 80000, 80000),
(74, 71, NULL, 2025, 'Feb', 70000, 70000, 140000),
(75, 72, NULL, 2025, 'Feb', 0, 60000, 0),
(76, 73, NULL, 2025, 'Feb', 0, 100000, 100000),
(77, 74, NULL, 2025, 'Feb', 100000, 100000, 200000),
(78, 75, NULL, 2025, 'Feb', 0, 130000, 130000),
(79, 76, NULL, 2025, 'Feb', 0, 90000, 90000),
(80, 77, NULL, 2025, 'Feb', 40000, 100000, 140000),
(81, 78, NULL, 2025, 'Feb', 50000, 60000, 110000),
(82, 79, NULL, 2025, 'Feb', 15000, 70000, 85000),
(83, 80, NULL, 2025, 'Feb', 0, 100000, 100000),
(84, 81, NULL, 2025, 'Feb', 25000, 60000, 85000),
(85, 82, NULL, 2025, 'Feb', 0, 200000, 200000),
(86, 83, NULL, 2025, 'Feb', 50000, 100000, 150000),
(87, 84, NULL, 2025, 'Feb', 0, 100000, 100000),
(88, 85, NULL, 2025, 'Feb', 0, 100000, 100000),
(89, 86, NULL, 2025, 'Feb', 110000, 100000, 210000),
(90, 87, NULL, 2025, 'Feb', 110000, 100000, 210000),
(91, 88, NULL, 2025, 'Feb', 30000, 100000, 130000),
(92, 89, NULL, 2025, 'Feb', 60000, 80000, 140000),
(93, 90, NULL, 2025, 'Feb', 30000, 80000, 110000),
(94, 91, NULL, 2025, 'Feb', 100000, 405000, 505000),
(95, 92, NULL, 2025, 'Feb', 680000, 505000, 1185000),
(96, 93, NULL, 2025, 'Feb', 0, 450000, 450000),
(97, 94, NULL, 2025, 'Feb', 0, 405000, 405000),
(98, 95, NULL, 2025, 'Feb', 290000, 145000, 435000),
(99, 96, NULL, 2025, 'Feb', 0, 400000, 400000),
(100, 97, NULL, 2025, 'Feb', 0, 300000, 0),
(101, 98, NULL, 2025, 'Feb', 150000, 150000, 300000),
(102, 99, NULL, 2025, 'Feb', 0, 350000, 0),
(103, 100, NULL, 2025, 'Feb', 100000, 100000, 200000),
(104, 101, NULL, 2025, 'Feb', 0, 120000, 120000),
(105, 102, NULL, 2025, 'Feb', 0, 100000, 100000),
(106, 103, NULL, 2025, 'Feb', 65000, 80000, 145000),
(107, 104, NULL, 2025, 'Feb', 0, 100000, 100000),
(108, 105, NULL, 2025, 'Feb', 0, 120000, 120000),
(109, 106, NULL, 2025, 'Feb', 0, 110000, 110000),
(110, 107, NULL, 2025, 'Feb', 0, 100000, 0),
(111, 108, NULL, 2025, 'Feb', 0, 220000, 220000),
(112, 109, NULL, 2025, 'Feb', 171000, 240000, 411000),
(113, 110, NULL, 2025, 'Feb', 250000, 250000, 500000),
(114, 111, NULL, 2025, 'Feb', 100000, 250000, 350000),
(115, 112, NULL, 2025, 'Feb', 250000, 250000, 500000),
(116, 113, NULL, 2025, 'Feb', 700000, 250000, 950000),
(117, 114, NULL, 2025, 'Feb', 0, 110000, 0),
(118, 115, NULL, 2025, 'Feb', 350000, 250000, 600000),
(119, 116, NULL, 2025, 'Feb', 640000, 250000, 890000),
(120, 117, NULL, 2025, 'Feb', 200000, 80000, 280000),
(121, 118, NULL, 2025, 'Feb', 500000, 250000, 750000),
(122, 119, NULL, 2025, 'Feb', 210000, 150000, 360000),
(123, 120, NULL, 2025, 'Feb', 80000, 80000, 160000),
(124, 121, NULL, 2025, 'Feb', 0, 80000, 80000),
(125, 122, NULL, 2025, 'Feb', 150000, 150000, 300000),
(126, 123, NULL, 2025, 'Feb', 90000, 90000, 180000),
(127, 124, NULL, 2025, 'Feb', 70000, 70000, 140000),
(128, 125, NULL, 2025, 'Feb', 160000, 80000, 240000),
(129, 126, NULL, 2025, 'Feb', 80000, 80000, 160000),
(130, 127, NULL, 2025, 'Feb', 35000, 70000, 105000),
(131, 128, NULL, 2025, 'Feb', 0, 180000, 0),
(132, 129, NULL, 2025, 'Feb', 0, 80000, 0),
(133, 130, NULL, 2025, 'Feb', 10000, 70000, 80000),
(134, 131, NULL, 2025, 'Feb', 80000, 70000, 150000),
(135, 132, NULL, 2025, 'Feb', 10000, 70000, 80000),
(136, 133, NULL, 2025, 'Feb', 0, 70000, 60000),
(137, 134, NULL, 2025, 'Feb', 0, 70000, 0),
(138, 135, NULL, 2025, 'Feb', 230000, 200000, 430000),
(139, 136, NULL, 2025, 'Feb', 50000, 100000, 150000),
(140, 137, NULL, 2025, 'Feb', 0, 80000, 0),
(141, 138, NULL, 2025, 'Feb', 120000, 80000, 200000),
(142, 139, NULL, 2025, 'Feb', 0, 150000, 0),
(143, 140, NULL, 2025, 'Feb', 200000, 100000, 300000),
(144, 141, NULL, 2025, 'Feb', 100000, 120000, 220000),
(145, 142, NULL, 2025, 'Feb', 190000, 150000, 340000),
(146, 143, NULL, 2025, 'Feb', 100000, 120000, 220000),
(147, 144, NULL, 2025, 'Feb', 0, 170000, 170000),
(148, 145, NULL, 2025, 'Feb', 220000, 220000, 440000),
(149, 146, NULL, 2025, 'Feb', 180000, 220000, 400000),
(150, 147, NULL, 2025, 'Feb', 0, 70000, 70000),
(151, 148, NULL, 2025, 'Feb', 265000, 90000, 355000),
(152, 149, NULL, 2025, 'Feb', 40000, 90000, 130000),
(153, 150, NULL, 2025, 'Feb', 110000, 90000, 200000),
(154, 151, NULL, 2025, 'Feb', 0, 90000, 0),
(155, 152, NULL, 2025, 'Feb', 290000, 170000, 460000),
(156, 153, NULL, 2025, 'Feb', 220000, 220000, 440000),
(157, 154, NULL, 2025, 'Feb', 60000, 130000, 190000),
(158, 155, NULL, 2025, 'Feb', 60000, 60000, 120000),
(159, 156, NULL, 2025, 'Feb', 10000, 60000, 70000),
(160, 157, NULL, 2025, 'Feb', 0, 60000, 60000),
(161, 158, NULL, 2025, 'Feb', 0, 60000, 60000),
(162, 159, NULL, 2025, 'Feb', 20000, 60000, 80000),
(163, 160, NULL, 2025, 'Feb', 50000, 60000, 110000),
(164, 161, NULL, 2025, 'Feb', 20000, 120000, 140000),
(165, 162, NULL, 2025, 'Feb', 60000, 60000, 120000),
(166, 163, NULL, 2025, 'Feb', 0, 60000, 60000),
(167, 164, NULL, 2025, 'Feb', 0, 60000, 60000),
(168, 165, NULL, 2025, 'Feb', 0, 60000, 60000),
(169, 166, NULL, 2025, 'Feb', 60000, 60000, 120000),
(170, 167, NULL, 2025, 'Feb', 0, 60000, 60000),
(171, 168, NULL, 2025, 'Feb', 0, 110000, 110000),
(172, 169, NULL, 2025, 'Feb', 60000, 60000, 120000),
(173, 170, NULL, 2025, 'Feb', 0, 140000, 140000),
(174, 171, NULL, 2025, 'Feb', 0, 150000, 150000),
(175, 172, NULL, 2025, 'Feb', 30000, 150000, 180000),
(176, 173, NULL, 2025, 'Feb', 150000, 150000, 300000),
(177, 174, NULL, 2025, 'Feb', 0, 150000, 0),
(178, 175, NULL, 2025, 'Feb', 0, 100000, 100000),
(179, 176, NULL, 2025, 'Feb', 0, 180000, 180000),
(180, 177, NULL, 2025, 'Feb', 170000, 170000, 340000),
(181, 178, NULL, 2025, 'Feb', 0, 100000, 100000),
(182, 179, NULL, 2025, 'Feb', 0, 170000, 170000),
(183, 180, NULL, 2025, 'Feb', 0, 100000, 0),
(184, 181, NULL, 2025, 'Feb', 100000, 100000, 200000),
(185, 182, NULL, 2025, 'Feb', 50000, 100000, 150000),
(186, 183, NULL, 2025, 'Feb', 0, 100000, 0),
(187, 184, NULL, 2025, 'Feb', 50000, 100000, 150000),
(188, 185, NULL, 2025, 'Feb', 0, 50000, 50000),
(189, 186, NULL, 2025, 'Feb', 30000, 80000, 110000),
(193, 189, NULL, 2025, 'Feb', 100000, 250000, 350000),
(194, 190, NULL, 2025, 'Feb', 150000, 250000, 400000),
(195, 191, NULL, 2025, 'Feb', 0, 60000, 60000),
(196, 192, NULL, 2025, 'Feb', 0, 60000, 20000),
(197, 193, NULL, 2025, 'Feb', 25000, 60000, 85000),
(198, 194, NULL, 2025, 'Feb', 390000, 190000, 580000),
(199, 195, NULL, 2025, 'Feb', 0, 100000, 100000),
(200, 196, NULL, 2025, 'Feb', 0, 190000, 190000),
(201, 197, NULL, 2025, 'Feb', 0, 150000, 150000),
(202, 198, NULL, 2025, 'Feb', 0, 85000, 40000),
(203, 199, NULL, 2025, 'Feb', 85000, 85000, 170000),
(204, 200, NULL, 2025, 'Feb', 100000, 85000, 185000),
(205, 201, NULL, 2025, 'Feb', 0, 85000, 85000),
(206, 202, NULL, 2025, 'Feb', 170000, 85000, 255000),
(207, 203, NULL, 2025, 'Feb', 0, 100000, 0),
(208, 204, NULL, 2025, 'Feb', 0, 100000, 0),
(209, 205, NULL, 2025, 'Feb', 85000, 85000, 170000),
(210, 206, NULL, 2025, 'Feb', 10000, 90000, 100000),
(211, 207, NULL, 2025, 'Feb', 40000, 90000, 130000),
(212, 208, NULL, 2025, 'Feb', 90000, 80000, 170000),
(213, 209, NULL, 2025, 'Feb', 30000, 80000, 110000),
(214, 210, NULL, 2025, 'Feb', 0, 90000, 90000),
(215, 211, NULL, 2025, 'Feb', 90000, 90000, 180000),
(216, 212, NULL, 2025, 'Feb', 20000, 90000, 110000),
(217, 213, NULL, 2025, 'Feb', 0, 80000, 80000),
(218, 214, NULL, 2025, 'Feb', 0, 100000, 100000),
(219, 215, NULL, 2025, 'Feb', 0, 100000, 100000),
(220, 216, NULL, 2025, 'Feb', 0, 200000, 200000),
(221, 217, NULL, 2025, 'Feb', 70000, 70000, 140000),
(222, 218, NULL, 2025, 'Feb', 0, 40000, 40000),
(223, 219, NULL, 2025, 'Feb', 80000, 70000, 150000),
(224, 220, NULL, 2025, 'Feb', 120000, 120000, 240000),
(225, 221, NULL, 2025, 'Feb', 40000, 70000, 110000),
(226, 222, NULL, 2025, 'Feb', 0, 60000, 60000),
(227, 223, NULL, 2025, 'Feb', 40000, 70000, 110000),
(228, 224, NULL, 2025, 'Feb', 50000, 150000, 200000),
(229, 225, NULL, 2025, 'Feb', 160000, 150000, 310000),
(230, 226, NULL, 2025, 'Feb', 0, 90000, 90000),
(231, 227, NULL, 2025, 'Feb', 30000, 20000, 50000),
(232, 228, NULL, 2025, 'Feb', 10000, 20000, 30000),
(233, 229, NULL, 2025, 'Feb', 70000, 60000, 130000),
(234, 230, NULL, 2025, 'Feb', 180000, 150000, 330000),
(235, 231, NULL, 2025, 'Feb', 0, 50000, 0),
(236, 232, NULL, 2025, 'Feb', 150000, 60000, 210000),
(237, 233, NULL, 2025, 'Feb', 120000, 60000, 180000),
(238, 234, NULL, 2025, 'Feb', 60000, 60000, 120000),
(239, 235, NULL, 2025, 'Feb', 0, 50000, 0),
(240, 236, NULL, 2025, 'Feb', 0, 50000, 20000),
(241, 237, NULL, 2025, 'Feb', 100000, 60000, 160000),
(242, 238, NULL, 2025, 'Feb', 120000, 80000, 200000),
(243, 239, NULL, 2025, 'Feb', 0, 50000, 50000),
(244, 240, NULL, 2025, 'Feb', 0, 110000, 110000),
(245, 241, NULL, 2025, 'Feb', 60000, 100000, 160000),
(246, 242, NULL, 2025, 'Feb', 40000, 90000, 130000),
(247, 243, NULL, 2025, 'Feb', 40000, 110000, 150000),
(248, 244, NULL, 2025, 'Feb', 0, 100000, 100000),
(249, 245, NULL, 2025, 'Feb', 2440000, 400000, 2840000),
(250, 246, NULL, 2025, 'Feb', 400000, 400000, 800000),
(251, 247, NULL, 2025, 'Feb', 0, 400000, 400000),
(252, 248, NULL, 2025, 'Feb', 150000, 250000, 400000),
(253, 249, NULL, 2025, 'Feb', 250000, 250000, 500000),
(254, 250, NULL, 2025, 'Feb', 500000, 250000, 750000),
(255, 251, NULL, 2025, 'Feb', 350000, 350000, 700000),
(256, 252, NULL, 2025, 'Feb', 100000, 300000, 400000),
(257, 253, NULL, 2025, 'Feb', 0, 350000, 350000),
(258, 254, NULL, 2025, 'Feb', 200000, 200000, 400000),
(259, 255, NULL, 2025, 'Feb', 650000, 250000, 900000),
(260, 256, NULL, 2025, 'Feb', 0, 250000, 250000),
(261, 257, NULL, 2025, 'Feb', 300000, 250000, 550000),
(262, 258, NULL, 2025, 'Feb', 690000, 280000, 970000),
(263, 259, NULL, 2025, 'Feb', 380000, 250000, 630000),
(264, 260, NULL, 2025, 'Feb', 0, 450000, 450000),
(265, 261, NULL, 2025, 'Feb', 300000, 250000, 550000),
(266, 262, NULL, 2025, 'Feb', 0, 250000, 250000),
(267, 263, NULL, 2025, 'Feb', 120000, 250000, 370000),
(268, 264, NULL, 2025, 'Feb', 0, 100000, 70000),
(269, 265, NULL, 2025, 'Feb', 110000, 180000, 290000),
(270, 266, NULL, 2025, 'Feb', 0, 180000, 180000),
(271, 267, NULL, 2025, 'Feb', 100000, 180000, 280000),
(272, 268, NULL, 2025, 'Feb', 0, 100000, 100000),
(273, 269, NULL, 2025, 'Feb', 180000, 180000, 360000),
(274, 270, NULL, 2025, 'Feb', 180000, 180000, 360000),
(275, 271, NULL, 2025, 'Feb', 80000, 80000, 160000),
(276, 272, NULL, 2025, 'Feb', 80000, 80000, 160000),
(277, 273, NULL, 2025, 'Feb', 0, 100000, 100000),
(278, 274, NULL, 2025, 'Feb', 0, 100000, 100000),
(279, 275, NULL, 2025, 'Feb', 0, 130000, 0),
(280, 276, NULL, 2025, 'Feb', 0, 130000, 100000),
(281, 277, NULL, 2025, 'Feb', 0, 80000, 80000),
(282, 278, NULL, 2025, 'Feb', 80000, 170000, 250000),
(283, 279, NULL, 2025, 'Feb', 0, 140000, 140000),
(284, 280, NULL, 2025, 'Feb', 60000, 200000, 260000),
(285, 281, NULL, 2025, 'Feb', 0, 280000, 280000),
(286, 282, NULL, 2025, 'Feb', 20000, 280000, 300000),
(287, 283, NULL, 2025, 'Feb', 0, 200000, 200000),
(288, 284, NULL, 2025, 'Feb', 0, 200000, 200000),
(289, 285, NULL, 2025, 'Feb', 0, 200000, 200000),
(290, 286, NULL, 2025, 'Feb', 0, 90000, 90000),
(291, 287, NULL, 2025, 'Feb', 150000, 200000, 350000),
(292, 288, NULL, 2025, 'Feb', 0, 120000, 120000),
(293, 289, NULL, 2025, 'Feb', 0, 300000, 230000),
(294, 290, NULL, 2025, 'Feb', 0, 90000, 0),
(295, 291, NULL, 2025, 'Feb', 0, 90000, 0),
(296, 292, NULL, 2025, 'Feb', 0, 85000, 0),
(297, 293, NULL, 2025, 'Feb', 0, 100000, 0),
(298, 294, NULL, 2025, 'Feb', 90000, 90000, 180000),
(299, 295, NULL, 2025, 'Feb', 46000, 90000, 136000),
(300, 296, NULL, 2025, 'Feb', 0, 90000, 90000),
(301, 297, NULL, 2025, 'Feb', 0, 55000, 55000),
(302, 298, NULL, 2025, 'Feb', 0, 50000, 50000),
(303, 299, NULL, 2025, 'Feb', 0, 65000, 65000),
(304, 300, NULL, 2025, 'Feb', 0, 95000, 95000),
(305, 301, NULL, 2025, 'Feb', 20000, 60000, 80000),
(306, 302, NULL, 2025, 'Feb', 0, 60000, 60000),
(307, 303, NULL, 2025, 'Feb', 0, 70000, 70000),
(308, 304, NULL, 2025, 'Feb', 130000, 65000, 195000),
(309, 305, NULL, 2025, 'Feb', 80000, 80000, 160000),
(310, 306, NULL, 2025, 'Feb', 150000, 75000, 225000),
(311, 307, NULL, 2025, 'Feb', 100000, 75000, 175000),
(312, 308, NULL, 2025, 'Feb', 60000, 80000, 140000),
(313, 309, NULL, 2025, 'Feb', 85000, 75000, 160000),
(314, 310, NULL, 2025, 'Feb', 30000, 80000, 110000),
(315, 311, NULL, 2025, 'Feb', 0, 80000, 80000),
(316, 312, NULL, 2025, 'Feb', 0, 60000, 60000),
(317, 313, NULL, 2025, 'Feb', 40000, 60000, 100000),
(318, 314, NULL, 2025, 'Feb', 50000, 200000, 250000),
(319, 315, NULL, 2025, 'Feb', 240000, 120000, 360000),
(320, 316, NULL, 2025, 'Feb', 0, 200000, 0),
(321, 317, NULL, 2025, 'Feb', 100000, 500000, 600000),
(322, 318, NULL, 2025, 'Feb', 50000, 250000, 300000),
(323, 319, NULL, 2025, 'Feb', 250000, 250000, 500000),
(324, 320, NULL, 2025, 'Feb', 0, 250000, 250000),
(325, 321, NULL, 2025, 'Feb', 150000, 250000, 400000),
(326, 322, NULL, 2025, 'Feb', 50000, 250000, 300000),
(327, 323, NULL, 2025, 'Feb', 40000, 240000, 280000),
(328, 324, NULL, 2025, 'Feb', 140000, 100000, 240000),
(329, 325, NULL, 2025, 'Feb', 100000, 100000, 200000),
(330, 326, NULL, 2025, 'Feb', 100000, 100000, 200000),
(331, 327, NULL, 2025, 'Feb', 100000, 100000, 200000),
(332, 328, NULL, 2025, 'Feb', 0, 100000, 100000),
(333, 329, NULL, 2025, 'Feb', 200000, 200000, 400000),
(334, 330, NULL, 2025, 'Feb', 0, 80000, 80000),
(335, 331, NULL, 2025, 'Feb', 0, 80000, 0),
(336, 332, NULL, 2025, 'Feb', 80000, 80000, 160000),
(337, 333, NULL, 2025, 'Feb', 20000, 80000, 100000),
(338, 334, NULL, 2025, 'Feb', 85000, 70000, 155000),
(339, 335, NULL, 2025, 'Feb', 60000, 100000, 160000),
(340, 336, NULL, 2025, 'Feb', 40000, 70000, 190000),
(341, 337, NULL, 2025, 'Feb', 0, 100000, 100000),
(342, 338, NULL, 2025, 'Feb', 0, 80000, 0),
(343, 339, NULL, 2025, 'Feb', 0, 130000, 50000),
(344, 340, NULL, 2025, 'Feb', 100000, 100000, 200000),
(345, 341, NULL, 2025, 'Feb', 30000, 80000, 110000),
(346, 342, NULL, 2025, 'Feb', 0, 70000, 0),
(347, 343, NULL, 2025, 'Feb', 0, 120000, 120000),
(348, 344, NULL, 2025, 'Feb', 150000, 140000, 290000),
(349, 345, NULL, 2025, 'Feb', 0, 130000, 130000),
(350, 346, NULL, 2025, 'Feb', 40000, 110000, 150000),
(351, 347, NULL, 2025, 'Feb', 30000, 120000, 150000),
(352, 348, NULL, 2025, 'Feb', 150000, 140000, 290000),
(353, 349, NULL, 2025, 'Feb', 0, 600000, 30000),
(354, 350, NULL, 2025, 'Feb', 0, 600000, 0),
(355, 351, NULL, 2025, 'Feb', 0, 600000, 0),
(356, 352, NULL, 2025, 'Feb', 0, 600000, 0),
(357, 353, NULL, 2025, 'Feb', 0, 600000, 100000),
(358, 354, NULL, 2025, 'Feb', 0, 600000, 200000),
(359, 355, NULL, 2025, 'Feb', 0, 600000, 100000),
(360, 356, NULL, 2025, 'Feb', 0, 600000, 0),
(361, 357, NULL, 2025, 'Feb', 0, 600000, 190000),
(362, 358, NULL, 2025, 'Feb', 0, 600000, 300000),
(363, 359, NULL, 2025, 'Feb', 0, 600000, 0),
(364, 360, NULL, 2025, 'Feb', 100000, 100000, 200000),
(365, 361, NULL, 2025, 'Feb', 0, 100000, 100000),
(366, 362, NULL, 2025, 'Feb', 120000, 200000, 320000),
(367, 363, NULL, 2025, 'Feb', 150000, 170000, 320000),
(368, 364, NULL, 2025, 'Feb', 140000, 120000, 260000),
(369, 365, NULL, 2025, 'Feb', 0, 200000, 0),
(370, 366, NULL, 2025, 'Feb', 10000, 90000, 100000),
(371, 367, NULL, 2025, 'Feb', 50000, 90000, 140000),
(372, 368, NULL, 2025, 'Feb', 70000, 80000, 150000),
(373, 369, NULL, 2025, 'Feb', 0, 80000, 80000),
(374, 370, NULL, 2025, 'Feb', 0, 90000, 90000),
(375, 371, NULL, 2025, 'Feb', 115000, 80000, 195000),
(376, 372, NULL, 2025, 'Feb', 0, 60000, 60000),
(377, 373, NULL, 2025, 'Feb', 15000, 60000, 75000),
(378, 374, NULL, 2025, 'Feb', 0, 60000, 0),
(379, 375, NULL, 2025, 'Feb', 0, 60000, 10000),
(380, 376, NULL, 2025, 'Feb', 30000, 60000, 90000),
(381, 377, NULL, 2025, 'Feb', 0, 50000, 50000),
(382, 378, NULL, 2025, 'Feb', 60000, 60000, 120000),
(383, 379, NULL, 2025, 'Feb', 55000, 100000, 155000),
(384, 380, NULL, 2025, 'Feb', 110000, 110000, 220000),
(385, 381, NULL, 2025, 'Feb', 500000, 500000, 1000000),
(386, 382, NULL, 2025, 'Feb', 210000, 80000, 290000),
(387, 383, NULL, 2025, 'Feb', 500000, 500000, 0),
(388, 384, NULL, 2025, 'Feb', 500000, 500000, 0),
(389, 385, NULL, 2025, 'Feb', 500000, 500000, 0),
(390, 386, NULL, 2025, 'Feb', 500000, 500000, 0),
(391, 387, NULL, 2025, 'Feb', 300000, 300000, 300000),
(392, 388, NULL, 2025, 'Feb', 0, 200000, 0),
(393, 389, NULL, 2025, 'Feb', 0, 200000, 0),
(394, 390, NULL, 2025, 'Feb', 0, 200000, 200000),
(395, 391, NULL, 2025, 'Feb', 0, 200000, 200000),
(396, 392, NULL, 2025, 'Feb', 0, 200000, 0),
(397, 393, NULL, 2025, 'Feb', 0, 200000, 0),
(398, 394, NULL, 2025, 'Feb', 0, 90000, 90000),
(399, 395, NULL, 2025, 'Feb', 10000, 90000, 100000),
(400, 396, NULL, 2025, 'Feb', 0, 90000, 90000),
(401, 397, NULL, 2025, 'Feb', 0, 90000, 90000),
(402, 398, NULL, 2025, 'Feb', 0, 90000, 90000),
(403, 399, NULL, 2025, 'Feb', 0, 90000, 0),
(404, 400, NULL, 2025, 'Feb', 120000, 120000, 240000),
(405, 401, NULL, 2025, 'Feb', 0, 90000, 90000),
(406, 402, NULL, 2025, 'Feb', 120000, 120000, 240000),
(407, 403, NULL, 2025, 'Feb', 0, 120000, 120000),
(408, 404, NULL, 2025, 'Feb', 0, 100000, 0),
(409, 405, NULL, 2025, 'Feb', 0, 80000, 60000),
(410, 406, NULL, 2025, 'Feb', 0, 80000, 80000),
(411, 407, NULL, 2025, 'Feb', 0, 80000, 0),
(412, 408, NULL, 2025, 'Feb', 0, 80000, 80000),
(413, 409, NULL, 2025, 'Feb', 0, 200000, 0),
(414, 410, NULL, 2025, 'Feb', 0, 80000, 80000),
(415, 411, NULL, 2025, 'Feb', 0, 130000, 0),
(416, 412, NULL, 2025, 'Feb', 70000, 70000, 140000),
(417, 413, NULL, 2025, 'Feb', 50000, 250000, 300000),
(418, 414, NULL, 2025, 'Feb', 0, 250000, 250000),
(419, 415, NULL, 2025, 'Feb', 0, 100000, 0),
(420, 416, NULL, 2025, 'Feb', 0, 100000, 100000),
(421, 417, NULL, 2025, 'Feb', 0, 100000, 100000),
(422, 418, NULL, 2025, 'Feb', 0, 80000, 50000),
(423, 419, NULL, 2025, 'Feb', 0, 80000, 80000),
(424, 420, NULL, 2025, 'Feb', 0, 80000, 80000),
(425, 421, NULL, 2025, 'Feb', 0, 100000, 100000),
(426, 422, NULL, 2025, 'Feb', 0, 100000, 0),
(427, 423, NULL, 2025, 'Feb', 50000, 100000, 150000),
(428, 424, NULL, 2025, 'Feb', 30000, 100000, 130000),
(429, 425, NULL, 2025, 'Feb', 60000, 100000, 160000),
(430, 426, NULL, 2025, 'Feb', 100000, 100000, 200000),
(431, 427, NULL, 2025, 'Feb', 45000, 100000, 145000),
(432, 428, NULL, 2025, 'Feb', 40000, 100000, 140000),
(433, 429, NULL, 2025, 'Feb', 50000, 100000, 150000),
(434, 430, NULL, 2025, 'Feb', 10000, 100000, 110000),
(435, 431, NULL, 2025, 'Feb', 100000, 100000, 200000),
(436, 432, NULL, 2025, 'Feb', 0, 100000, 100000),
(437, 433, NULL, 2025, 'Feb', 0, 100000, 100000),
(438, 434, NULL, 2025, 'Feb', 30000, 80000, 110000),
(439, 435, NULL, 2025, 'Feb', 100000, 80000, 180000),
(440, 436, NULL, 2025, 'Feb', 80000, 80000, 160000),
(441, 437, NULL, 2025, 'Feb', 100000, 80000, 180000),
(442, 438, NULL, 2025, 'Feb', 0, 80000, 80000),
(443, 439, NULL, 2025, 'Feb', 0, 80000, 80000),
(444, 440, NULL, 2025, 'Feb', 80000, 80000, 160000),
(445, 441, NULL, 2025, 'Feb', 80000, 80000, 160000),
(446, 442, NULL, 2025, 'Feb', 0, 80000, 80000),
(447, 443, NULL, 2025, 'Feb', 60000, 80000, 140000),
(448, 444, NULL, 2025, 'Feb', 10000, 80000, 90000);

-- --------------------------------------------------------

--
-- Table structure for table `cache`
--

CREATE TABLE `cache` (
  `key` varchar(255) NOT NULL,
  `value` mediumtext NOT NULL,
  `expiration` int(11) NOT NULL
) ENGINE=InnoDB DEFAULT CHARSET=utf8mb4 COLLATE=utf8mb4_unicode_ci;

-- --------------------------------------------------------

--
-- Table structure for table `cache_locks`
--

CREATE TABLE `cache_locks` (
  `key` varchar(255) NOT NULL,
  `owner` varchar(255) NOT NULL,
  `expiration` int(11) NOT NULL
) ENGINE=InnoDB DEFAULT CHARSET=utf8mb4 COLLATE=utf8mb4_unicode_ci;

-- --------------------------------------------------------

--
-- Table structure for table `comission`
--

CREATE TABLE `comission` (
  `id` int(11) NOT NULL,
  `date_collected` date NOT NULL DEFAULT curdate(),
  `amount` int(11) NOT NULL DEFAULT 0
) ENGINE=InnoDB DEFAULT CHARSET=utf8mb4 COLLATE=utf8mb4_general_ci;

-- --------------------------------------------------------

--
-- Table structure for table `disburse_landlord`
--

CREATE TABLE `disburse_landlord` (
  `id` int(11) NOT NULL,
  `amount` int(11) NOT NULL DEFAULT 0,
  `month` varchar(100) NOT NULL,
  `year` int(11) NOT NULL,
  `landlord` int(11) NOT NULL,
  `remarks` varchar(100) DEFAULT NULL,
  `date_paid` timestamp NOT NULL DEFAULT current_timestamp()
) ENGINE=InnoDB DEFAULT CHARSET=utf8mb4 COLLATE=utf8mb4_general_ci;

-- --------------------------------------------------------

--
-- Table structure for table `failed_jobs`
--

CREATE TABLE `failed_jobs` (
  `id` bigint(20) UNSIGNED NOT NULL,
  `uuid` varchar(255) NOT NULL,
  `connection` text NOT NULL,
  `queue` text NOT NULL,
  `payload` longtext NOT NULL,
  `exception` longtext NOT NULL,
  `failed_at` timestamp NOT NULL DEFAULT current_timestamp()
) ENGINE=InnoDB DEFAULT CHARSET=utf8mb4 COLLATE=utf8mb4_unicode_ci;

-- --------------------------------------------------------

--
-- Table structure for table `financial_year`
--

CREATE TABLE `financial_year` (
  `id` int(11) NOT NULL,
  `start` date NOT NULL,
  `end` date NOT NULL,
  `year` int(11) NOT NULL
) ENGINE=InnoDB DEFAULT CHARSET=utf8mb4 COLLATE=utf8mb4_general_ci;

--
-- Dumping data for table `financial_year`
--

INSERT INTO `financial_year` (`id`, `start`, `end`, `year`) VALUES
(1, '2025-01-01', '2025-12-31', 2025);

-- --------------------------------------------------------

--
-- Table structure for table `jobs`
--

CREATE TABLE `jobs` (
  `id` bigint(20) UNSIGNED NOT NULL,
  `queue` varchar(255) NOT NULL,
  `payload` longtext NOT NULL,
  `attempts` tinyint(3) UNSIGNED NOT NULL,
  `reserved_at` int(10) UNSIGNED DEFAULT NULL,
  `available_at` int(10) UNSIGNED NOT NULL,
  `created_at` int(10) UNSIGNED NOT NULL
) ENGINE=InnoDB DEFAULT CHARSET=utf8mb4 COLLATE=utf8mb4_unicode_ci;

-- --------------------------------------------------------

--
-- Table structure for table `job_batches`
--

CREATE TABLE `job_batches` (
  `id` varchar(255) NOT NULL,
  `name` varchar(255) NOT NULL,
  `total_jobs` int(11) NOT NULL,
  `pending_jobs` int(11) NOT NULL,
  `failed_jobs` int(11) NOT NULL,
  `failed_job_ids` longtext NOT NULL,
  `options` mediumtext DEFAULT NULL,
  `cancelled_at` int(11) DEFAULT NULL,
  `created_at` int(11) NOT NULL,
  `finished_at` int(11) DEFAULT NULL
) ENGINE=InnoDB DEFAULT CHARSET=utf8mb4 COLLATE=utf8mb4_unicode_ci;

-- --------------------------------------------------------

--
-- Table structure for table `landlord`
--

CREATE TABLE `landlord` (
  `id` int(11) NOT NULL,
  `name` varchar(100) NOT NULL DEFAULT 'secret',
  `date onboarded` date DEFAULT curdate(),
  `contact` varchar(15) DEFAULT NULL,
  `email` varchar(100) DEFAULT NULL,
  `location` varchar(100) DEFAULT NULL
) ENGINE=InnoDB DEFAULT CHARSET=utf8mb4 COLLATE=utf8mb4_general_ci;

--
-- Dumping data for table `landlord`
--

INSERT INTO `landlord` (`id`, `name`, `date onboarded`, `contact`, `email`, `location`) VALUES
(1, 'NATIONAL ADULT', '2025-02-16', '', '', 'NAMUNGOONA'),
(2, 'NAMU APARTMENTS', '2025-02-16', '', '', 'KABAALE'),
(3, 'BAVAKULE ANNE', '2025-02-16', '', '', 'TANDA'),
(4, 'KATABAAZI', '2025-02-16', NULL, NULL, 'KABAALE'),
(5, 'CHAIRPERSON BUNONO', '2025-02-16', NULL, NULL, 'BUNONO'),
(6, 'MWAMI MUKASA', '2025-02-16', NULL, NULL, 'KITUBULU'),
(7, 'MAAMA KABUYE', '2025-02-16', NULL, NULL, 'NABUTONO STAGE'),
(8, 'NAKAMYA HADIJA', '2025-02-16', NULL, NULL, 'BUNONO'),
(9, 'SSEBUGWAWO', '2025-02-16', NULL, NULL, 'KITALA'),
(10, 'MAMBLE', '2025-02-16', NULL, NULL, 'NABUTONO STAGE'),
(11, 'TAKOBERWA FRIDAH HIRYA', '2025-02-16', NULL, NULL, 'BUNONO'),
(12, 'KATELEGA BOSCO', '2025-02-16', NULL, NULL, 'KATOSI'),
(13, 'TEOPISTA', '2025-02-16', NULL, NULL, 'BUNONO'),
(14, 'NABIDDE MACKIRINE', '2025-02-16', NULL, NULL, 'KASENYI'),
(15, 'HAPPY', '2025-02-16', NULL, NULL, 'LUNNYO'),
(16, 'MR. SSABITI', '2025-02-16', NULL, NULL, 'KABAALE'),
(17, 'MAGEZI SARAH', '2025-02-16', NULL, NULL, 'BUSAMBAGA'),
(18, 'NALONGO', '2025-02-16', NULL, NULL, 'KONKO'),
(19, 'KALULE JOSEPH', '2025-02-16', NULL, NULL, 'KIGUNGU'),
(20, 'MUSILAMU', '2025-02-16', NULL, NULL, 'BUNONO'),
(21, 'RESTY', '2025-02-16', NULL, NULL, 'TAGY'),
(22, 'NSUBUGA', '2025-02-16', NULL, NULL, 'BUNONO'),
(23, 'AURTHER KITOORO', '2025-02-16', NULL, NULL, 'KITOORO'),
(24, 'MAGGWA', '2025-02-16', NULL, NULL, 'TANDA'),
(25, 'MUGISHA ROGERS', '2025-02-16', NULL, NULL, 'TAGY'),
(26, 'KATO', '2025-02-16', NULL, NULL, 'KITOORO'),
(27, 'KAMYA', '2025-02-16', NULL, NULL, 'KIGUNGU'),
(28, 'TEO NEW', '2025-02-16', NULL, NULL, 'BUNONO'),
(29, 'KAZOOBA JAMES', '2025-02-16', NULL, NULL, 'LYAMUTUNDWE'),
(30, 'WADADA DINAH', '2025-02-16', NULL, NULL, 'NABUTONO'),
(31, 'NAMUKONGE SAMUEL BETTY', '2025-02-16', NULL, NULL, 'TAGY'),
(32, 'NAMU APARTMENTS 2 17%', '2025-02-16', NULL, NULL, 'KABAALE B'),
(33, 'KICONCO SHEILLA NZORO', '2025-02-16', NULL, NULL, 'BUNONO'),
(34, 'KASIRIVU REBECCA WOMELI', '2025-02-16', NULL, NULL, 'KABAALE'),
(35, 'KIKONYOGO JULIUS', '2025-02-16', NULL, NULL, 'BUSAMBAGA'),
(36, 'CHAIRPERSON 2', '2025-02-16', NULL, NULL, 'BUSAMBAGA'),
(37, 'MANAGER', '2025-02-16', NULL, NULL, 'BUSABALA'),
(38, 'MILLY', '2025-02-16', NULL, NULL, 'BUNONO'),
(39, 'RASHIDAH', '2025-02-16', NULL, NULL, 'KIGUNGU'),
(40, 'SSANYU RUKUNDO', '2025-02-16', NULL, NULL, 'KITOORO'),
(41, 'MONICA HOSTELS', '2025-02-16', NULL, NULL, 'NKUMBA'),
(42, 'WANYENZE LUCY', '2025-02-16', NULL, NULL, 'TANDA'),
(43, 'BOSCO SSENTUMBWE', '2025-02-16', NULL, NULL, 'BUNONO'),
(44, 'BUKENYA EDWARD', '2025-02-16', NULL, NULL, 'KANONAKALI'),
(45, 'VIOLA', '2025-02-16', NULL, NULL, 'BUNONO'),
(46, 'DDIBA HENRY', '2025-02-16', NULL, NULL, 'KIGUNGU'),
(47, 'MUTESI STELLA', '2025-02-16', NULL, NULL, 'KABAALE'),
(48, 'MR.KILUNDA', '2025-02-16', NULL, NULL, 'BUNONO'),
(49, 'BOSCO', '2025-02-16', NULL, NULL, 'BUNONO'),
(50, 'MAAMA EMMA', '2025-02-16', NULL, NULL, 'BUNONO'),
(51, 'NAMUWONGE JANNIFFER', '2025-02-16', NULL, NULL, 'KISEMBI'),
(52, 'ROBINAH NAMPEERA', '2025-02-16', NULL, NULL, 'TAGY'),
(53, 'KITONE', '2025-02-16', NULL, NULL, 'KITUBULU'),
(54, 'TENANTS   -UPPER CENTRAL', '2025-02-17', '0', 'test@test.com', 'UPPER CENTRAL'),
(55, 'TENANTS       - OWN HOME', '2025-02-17', '0', 'test@test.com', 'OWN HOME');

-- --------------------------------------------------------

--
-- Table structure for table `migrations`
--

CREATE TABLE `migrations` (
  `id` int(10) UNSIGNED NOT NULL,
  `migration` varchar(255) NOT NULL,
  `batch` int(11) NOT NULL
) ENGINE=InnoDB DEFAULT CHARSET=utf8mb4 COLLATE=utf8mb4_unicode_ci;

-- --------------------------------------------------------

--
-- Table structure for table `months`
--

CREATE TABLE `months` (
  `id` int(11) NOT NULL,
  `name` varchar(100) NOT NULL
) ENGINE=InnoDB DEFAULT CHARSET=utf8mb4 COLLATE=utf8mb4_general_ci;

--
-- Dumping data for table `months`
--

INSERT INTO `months` (`id`, `name`) VALUES
(6, 'Apr'),
(10, 'Aug'),
(14, 'Dec'),
(4, 'Feb'),
(3, 'Jan'),
(9, 'Jul'),
(8, 'Jun'),
(5, 'Mar'),
(7, 'May'),
(13, 'Nov'),
(12, 'Oct'),
(11, 'Sep');

-- --------------------------------------------------------

--
-- Table structure for table `password_reset_tokens`
--

CREATE TABLE `password_reset_tokens` (
  `email` varchar(255) NOT NULL,
  `token` varchar(255) NOT NULL,
  `created_at` timestamp NULL DEFAULT NULL
) ENGINE=InnoDB DEFAULT CHARSET=utf8mb4 COLLATE=utf8mb4_unicode_ci;

-- --------------------------------------------------------

--
-- Table structure for table `period_money`
--

CREATE TABLE `period_money` (
  `id` int(11) NOT NULL,
  `balance_bf` int(11) NOT NULL DEFAULT 0,
  `expected` int(11) NOT NULL DEFAULT 0,
  `total_pay` int(11) NOT NULL DEFAULT 0,
  `expected_profit` int(11) NOT NULL DEFAULT 0,
  `profit_made` int(11) NOT NULL DEFAULT 0,
  `year` int(11) NOT NULL,
  `month` int(11) NOT NULL
) ENGINE=InnoDB DEFAULT CHARSET=utf8mb4 COLLATE=utf8mb4_general_ci;

-- --------------------------------------------------------

--
-- Table structure for table `rooms`
--

CREATE TABLE `rooms` (
  `id` int(11) NOT NULL,
  `status` tinyint(1) NOT NULL DEFAULT 0,
  `amount` int(11) NOT NULL DEFAULT 0,
  `roomcondition` varchar(100) DEFAULT NULL,
  `remarks` varchar(100) DEFAULT NULL,
  `landlord` int(11) NOT NULL,
  `location` varchar(100) NOT NULL
) ENGINE=InnoDB DEFAULT CHARSET=utf8mb4 COLLATE=utf8mb4_general_ci;

--
-- Dumping data for table `rooms`
--

INSERT INTO `rooms` (`id`, `status`, `amount`, `roomcondition`, `remarks`, `landlord`, `location`) VALUES
(1, 0, 450000, NULL, NULL, 1, 'NAMUNGOONA'),
(2, 0, 90000, NULL, NULL, 1, 'NAMUNGOONA'),
(3, 0, 140000, NULL, NULL, 1, 'NAMUNGOONA'),
(4, 0, 150000, NULL, NULL, 1, 'NAMUNGOONA'),
(5, 0, 100000, NULL, NULL, 1, 'NAMUNGOONA'),
(6, 0, 100000, NULL, NULL, 1, 'NAMUNGOONA'),
(7, 0, 110000, NULL, NULL, 1, 'NAMUNGOONA'),
(8, 0, 150000, NULL, NULL, 1, 'NAMUNGOONA'),
(9, 0, 200000, NULL, NULL, 1, 'NAMUNGOONA'),
(10, 0, 130000, NULL, NULL, 1, 'NAMUNGOONA'),
(11, 0, 1000000, NULL, NULL, 1, 'NAMUNGOONA'),
(12, 0, 150000, NULL, NULL, 1, 'NAMUNGOONA'),
(13, 0, 180000, NULL, NULL, 2, 'KABAALE'),
(14, 0, 170000, NULL, NULL, 2, 'KABAALE'),
(15, 0, 170000, NULL, NULL, 2, 'KABAALE'),
(16, 0, 100000, NULL, NULL, 2, 'KABAALE'),
(17, 0, 150000, NULL, NULL, 2, 'KABAALE'),
(18, 0, 170000, NULL, NULL, 2, 'KABAALE'),
(19, 0, 150000, NULL, NULL, 2, 'KABAALE'),
(20, 0, 150000, NULL, NULL, 2, 'KABAALE'),
(21, 0, 150000, NULL, NULL, 2, 'KABAALE'),
(22, 0, 150000, NULL, NULL, 2, 'KABAALE'),
(23, 0, 190000, NULL, NULL, 3, 'TANDA'),
(24, 0, 160000, NULL, NULL, 3, 'TANDA'),
(25, 0, 70000, NULL, NULL, 3, 'TANDA'),
(26, 0, 90000, NULL, NULL, 3, 'TANDA'),
(27, 0, 80000, NULL, NULL, 3, 'TANDA'),
(28, 0, 80000, NULL, NULL, 3, 'TANDA'),
(29, 0, 80000, NULL, NULL, 3, 'TANDA'),
(30, 0, 120000, NULL, NULL, 4, 'KABAALE'),
(31, 0, 60000, NULL, NULL, 4, 'KABAALE'),
(32, 0, 70000, NULL, NULL, 4, 'KABAALE'),
(33, 0, 70000, NULL, NULL, 4, 'KABAALE'),
(34, 0, 70000, NULL, NULL, 4, 'KABAALE'),
(35, 0, 50000, NULL, NULL, 4, 'KABAALE'),
(36, 0, 80000, NULL, NULL, 4, 'KABAALE'),
(37, 0, 70000, NULL, NULL, 4, 'KABAALE'),
(38, 0, 50000, NULL, NULL, 4, 'KABAALE'),
(39, 0, 70000, NULL, NULL, 4, 'KABAALE'),
(40, 0, 70000, NULL, NULL, 4, 'KABAALE'),
(41, 0, 100000, NULL, NULL, 5, 'BUNONO'),
(42, 0, 120000, NULL, NULL, 5, 'BUNONO'),
(43, 0, 90000, NULL, NULL, 5, 'BUNONO'),
(44, 0, 100000, NULL, NULL, 5, 'BUNONO'),
(45, 0, 100000, NULL, NULL, 5, 'BUNONO'),
(46, 0, 90000, NULL, NULL, 5, 'BUNONO'),
(47, 0, 100000, NULL, NULL, 5, 'BUNONO'),
(48, 0, 90000, NULL, NULL, 5, 'BUNONO'),
(49, 0, 100000, NULL, NULL, 5, 'BUNONO'),
(50, 0, 100000, NULL, NULL, 5, 'BUNONO'),
(51, 0, 120000, NULL, NULL, 5, 'BUNONO'),
(52, 0, 100000, NULL, NULL, 5, 'BUNONO'),
(53, 0, 60000, NULL, NULL, 6, 'KITUBULU'),
(54, 0, 70000, NULL, NULL, 6, 'KITUBULU'),
(55, 0, 60000, NULL, NULL, 6, 'KITUBULU'),
(56, 0, 70000, NULL, NULL, 6, 'KITUBULU'),
(57, 0, 140000, NULL, NULL, 6, 'KITUBULU'),
(58, 0, 70000, NULL, NULL, 6, 'KITUBULU'),
(59, 0, 70000, NULL, NULL, 6, 'KITUBULU'),
(60, 0, 70000, NULL, NULL, 6, 'KITUBULU'),
(61, 0, 70000, NULL, NULL, 6, 'KITUBULU'),
(62, 0, 50000, NULL, NULL, 6, 'KITUBULU'),
(63, 0, 70000, NULL, NULL, 6, 'KITUBULU'),
(64, 0, 50000, NULL, NULL, 6, 'KITUBULU'),
(65, 0, 70000, NULL, NULL, 6, 'KITUBULU'),
(66, 0, 60000, NULL, NULL, 6, 'KITUBULU'),
(67, 0, 60000, NULL, NULL, 6, 'KITUBULU'),
(68, 0, 70000, NULL, NULL, 6, 'KITUBULU'),
(69, 0, 120000, NULL, NULL, 6, 'KITUBULU'),
(70, 0, 80000, NULL, NULL, 6, 'KITUBULU'),
(71, 0, 70000, NULL, NULL, 6, 'KITUBULU'),
(72, 0, 60000, NULL, NULL, 6, 'KITUBULU'),
(73, 0, 100000, NULL, NULL, 7, 'NABUTONO STAGE'),
(74, 0, 100000, NULL, NULL, 7, 'NABUTONO STAGE'),
(75, 0, 130000, NULL, NULL, 7, 'NABUTONO STAGE'),
(76, 0, 90000, NULL, NULL, 7, 'NABUTONO STAGE'),
(77, 0, 100000, NULL, NULL, 7, 'NABUTONO STAGE'),
(78, 0, 60000, NULL, NULL, 7, 'NABUTONO STAGE'),
(79, 0, 70000, NULL, NULL, 7, 'NABUTONO STAGE'),
(80, 0, 100000, NULL, NULL, 7, 'NABUTONO STAGE'),
(81, 0, 60000, NULL, NULL, 7, 'NABUTONO STAGE'),
(82, 0, 200000, NULL, NULL, 7, 'NABUTONO STAGE'),
(83, 0, 100000, NULL, NULL, 8, 'BUNONO'),
(84, 0, 100000, NULL, NULL, 8, 'BUNONO'),
(85, 0, 100000, NULL, NULL, 8, 'BUNONO'),
(86, 0, 100000, NULL, NULL, 8, 'BUNONO'),
(87, 0, 100000, NULL, NULL, 8, 'BUNONO'),
(88, 0, 100000, NULL, NULL, 8, 'BUNONO'),
(89, 0, 80000, NULL, NULL, 8, 'BUNONO'),
(90, 0, 80000, NULL, NULL, 8, 'BUNONO'),
(91, 0, 405000, NULL, NULL, 9, 'KITALA'),
(92, 0, 505000, NULL, NULL, 9, 'KITALA'),
(93, 0, 450000, NULL, NULL, 9, 'KITALA'),
(94, 0, 405000, NULL, NULL, 9, 'KITALA'),
(95, 0, 145000, NULL, NULL, 9, 'KITALA'),
(96, 0, 400000, NULL, NULL, 9, 'KITALA'),
(97, 0, 300000, NULL, NULL, 9, 'KITALA'),
(98, 0, 150000, NULL, NULL, 9, 'KITALA'),
(99, 0, 350000, NULL, NULL, 9, 'KITALA'),
(100, 0, 100000, NULL, NULL, 10, 'Nabutono Stage'),
(101, 0, 120000, NULL, NULL, 10, 'Nabutono Stage'),
(102, 0, 100000, NULL, NULL, 10, 'Nabutono Stage'),
(103, 0, 80000, NULL, NULL, 10, 'Nabutono Stage'),
(104, 0, 100000, NULL, NULL, 11, 'Bunono'),
(105, 0, 120000, NULL, NULL, 11, 'Bunono'),
(106, 0, 110000, NULL, NULL, 11, 'Bunono'),
(107, 0, 100000, NULL, NULL, 11, 'Bunono'),
(108, 0, 220000, NULL, NULL, 11, 'Bunono'),
(109, 0, 240000, NULL, NULL, 11, 'Bunono'),
(110, 0, 250000, NULL, NULL, 11, 'Bunono'),
(111, 0, 250000, NULL, NULL, 11, 'Bunono'),
(112, 0, 250000, NULL, NULL, 11, 'Bunono'),
(113, 0, 250000, NULL, NULL, 11, 'Bunono'),
(114, 0, 110000, NULL, NULL, 11, 'Bunono'),
(115, 0, 250000, NULL, NULL, 12, 'Katosi'),
(116, 0, 250000, NULL, NULL, 12, 'Katosi'),
(117, 0, 80000, NULL, NULL, 12, 'Katosi'),
(118, 0, 250000, NULL, NULL, 12, 'Katosi'),
(119, 0, 150000, NULL, NULL, 12, 'Katosi'),
(120, 0, 80000, NULL, NULL, 12, 'Katosi'),
(121, 0, 80000, NULL, NULL, 12, 'Katosi'),
(122, 0, 150000, NULL, NULL, 12, 'Katosi'),
(123, 0, 90000, NULL, NULL, 12, 'Katosi'),
(124, 0, 70000, NULL, NULL, 12, 'Katosi'),
(125, 0, 80000, NULL, NULL, 12, 'Katosi'),
(126, 0, 80000, NULL, NULL, 12, 'Katosi'),
(127, 0, 70000, NULL, NULL, 13, 'Bunono'),
(128, 0, 180000, NULL, NULL, 13, 'Bunono'),
(129, 0, 80000, NULL, NULL, 13, 'Bunono'),
(130, 0, 70000, NULL, NULL, 13, 'Bunono'),
(131, 0, 70000, NULL, NULL, 13, 'Bunono'),
(132, 0, 70000, NULL, NULL, 13, 'Bunono'),
(133, 0, 70000, NULL, NULL, 13, 'Bunono'),
(134, 0, 70000, NULL, NULL, 13, 'Bunono'),
(135, 0, 200000, NULL, NULL, 13, 'Bunono'),
(136, 0, 100000, NULL, NULL, 14, 'Kasenyi'),
(137, 0, 80000, NULL, NULL, 14, 'Kasenyi'),
(138, 0, 80000, NULL, NULL, 14, 'Kasenyi'),
(139, 0, 150000, NULL, NULL, 14, 'Kasenyi'),
(140, 0, 100000, NULL, NULL, 14, 'Kasenyi'),
(141, 0, 120000, NULL, NULL, 15, 'Lunyo'),
(142, 0, 150000, NULL, NULL, 15, 'Lunyo'),
(143, 0, 120000, NULL, NULL, 15, 'Lunyo'),
(144, 0, 170000, NULL, NULL, 15, 'Lunyo'),
(145, 0, 220000, NULL, NULL, 15, 'Lunyo'),
(146, 0, 220000, NULL, NULL, 15, 'Lunyo'),
(147, 0, 70000, NULL, NULL, 15, 'Lunyo'),
(148, 0, 90000, NULL, NULL, 15, 'Lunyo'),
(149, 0, 90000, NULL, NULL, 15, 'Lunyo'),
(150, 0, 90000, NULL, NULL, 15, 'Lunyo'),
(151, 0, 90000, NULL, NULL, 15, 'Lunyo'),
(152, 0, 170000, NULL, NULL, 15, 'Lunyo'),
(153, 0, 220000, NULL, NULL, 15, 'Lunyo'),
(154, 0, 130000, NULL, NULL, 15, 'Lunyo'),
(155, 0, 60000, NULL, NULL, 16, 'KABAALE'),
(156, 0, 60000, NULL, NULL, 16, 'KABAALE'),
(157, 0, 60000, NULL, NULL, 16, 'KABAALE'),
(158, 0, 60000, NULL, NULL, 16, 'KABAALE'),
(159, 0, 60000, NULL, NULL, 16, 'KABAALE'),
(160, 0, 60000, NULL, NULL, 16, 'KABAALE'),
(161, 0, 120000, NULL, NULL, 16, 'KABAALE'),
(162, 0, 60000, NULL, NULL, 16, 'KABAALE'),
(163, 0, 60000, NULL, NULL, 16, 'KABAALE'),
(164, 0, 60000, NULL, NULL, 16, 'KABAALE'),
(165, 0, 60000, NULL, NULL, 16, 'KABAALE'),
(166, 0, 60000, NULL, NULL, 16, 'KABAALE'),
(167, 0, 60000, NULL, NULL, 16, 'KABAALE'),
(168, 0, 110000, NULL, NULL, 16, 'KABAALE'),
(169, 0, 60000, NULL, NULL, 16, 'KABAALE'),
(170, 0, 140000, NULL, NULL, 17, 'BUSAMBAGA'),
(171, 0, 150000, NULL, NULL, 17, 'BUSAMBAGA'),
(172, 0, 150000, NULL, NULL, 17, 'BUSAMBAGA'),
(173, 0, 150000, NULL, NULL, 17, 'BUSAMBAGA'),
(174, 0, 150000, NULL, NULL, 17, 'BUSAMBAGA'),
(175, 0, 100000, NULL, NULL, 18, 'KONKO'),
(176, 0, 180000, NULL, NULL, 18, 'KONKO'),
(177, 0, 170000, NULL, NULL, 18, 'KONKO'),
(178, 0, 100000, NULL, NULL, 18, 'KONKO'),
(179, 0, 170000, NULL, NULL, 18, 'KONKO'),
(180, 0, 100000, NULL, NULL, 19, 'KIGUNGU'),
(181, 0, 100000, NULL, NULL, 19, 'KIGUNGU'),
(182, 0, 100000, NULL, NULL, 19, 'KIGUNGU'),
(183, 0, 100000, NULL, NULL, 19, 'KIGUNGU'),
(184, 0, 100000, NULL, NULL, 19, 'KIGUNGU'),
(185, 0, 50000, NULL, NULL, 20, 'BUNONO'),
(186, 0, 80000, NULL, NULL, 20, 'BUNONO'),
(187, 0, 250000, NULL, NULL, 21, 'TAGY'),
(188, 0, 250000, NULL, NULL, 21, 'TAGY'),
(189, 0, 60000, NULL, NULL, 22, 'BUNONO'),
(190, 0, 60000, NULL, NULL, 22, 'BUNONO'),
(191, 0, 60000, NULL, NULL, 22, 'BUNONO'),
(192, 0, 190000, NULL, NULL, 23, 'KITOORO'),
(193, 0, 100000, NULL, NULL, 23, 'KITOORO'),
(194, 0, 190000, NULL, NULL, 23, 'KITOORO'),
(195, 0, 150000, NULL, NULL, 23, 'KITOORO'),
(196, 0, 85000, NULL, NULL, 23, 'KITOORO'),
(197, 0, 85000, NULL, NULL, 23, 'KITOORO'),
(198, 0, 85000, NULL, NULL, 23, 'KITOORO'),
(199, 0, 85000, NULL, NULL, 23, 'KITOORO'),
(200, 0, 85000, NULL, NULL, 23, 'KITOORO'),
(201, 0, 100000, NULL, NULL, 23, 'KITOORO'),
(202, 0, 100000, NULL, NULL, 23, 'KITOORO'),
(203, 0, 85000, NULL, NULL, 23, 'KITOORO'),
(204, 0, 90000, NULL, NULL, 24, 'TANDA'),
(205, 0, 90000, NULL, NULL, 24, 'TANDA'),
(206, 0, 80000, NULL, NULL, 24, 'TANDA'),
(207, 0, 80000, NULL, NULL, 24, 'TANDA'),
(208, 0, 90000, NULL, NULL, 24, 'TANDA'),
(209, 0, 90000, NULL, NULL, 24, 'TANDA'),
(210, 0, 90000, NULL, NULL, 24, 'TANDA'),
(211, 0, 80000, NULL, NULL, 24, 'TANDA'),
(212, 0, 100000, NULL, NULL, 25, 'TAGY'),
(213, 0, 100000, NULL, NULL, 25, 'TAGY'),
(214, 0, 200000, NULL, NULL, 25, 'TAGY'),
(215, 0, 70000, NULL, NULL, 26, 'KITORO'),
(216, 0, 40000, NULL, NULL, 26, 'KITORO'),
(217, 0, 70000, NULL, NULL, 26, 'KITORO'),
(218, 0, 120000, NULL, NULL, 26, 'KITORO'),
(219, 0, 70000, NULL, NULL, 26, 'KITORO'),
(220, 0, 60000, NULL, NULL, 26, 'KITORO'),
(221, 0, 70000, NULL, NULL, 26, 'KITORO'),
(222, 0, 150000, NULL, NULL, 26, 'KITORO'),
(223, 0, 150000, NULL, NULL, 26, 'KITORO'),
(224, 0, 90000, NULL, NULL, 26, 'KITORO'),
(225, 0, 20000, NULL, NULL, 26, 'KITORO'),
(226, 0, 20000, NULL, NULL, 26, 'KITORO'),
(227, 0, 60000, NULL, NULL, 26, 'KITORO'),
(228, 0, 150000, NULL, NULL, 26, 'KITORO'),
(229, 0, 50000, NULL, NULL, 27, 'KIGUNGU'),
(230, 0, 60000, NULL, NULL, 27, 'KIGUNGU'),
(231, 0, 60000, NULL, NULL, 27, 'KIGUNGU'),
(232, 0, 60000, NULL, NULL, 27, 'KIGUNGU'),
(233, 0, 50000, NULL, NULL, 27, 'KIGUNGU'),
(234, 0, 50000, NULL, NULL, 27, 'KIGUNGU'),
(235, 0, 60000, NULL, NULL, 27, 'KIGUNGU'),
(236, 0, 80000, NULL, NULL, 27, 'KIGUNGU'),
(237, 0, 50000, NULL, NULL, 27, 'KIGUNGU'),
(238, 0, 110000, NULL, NULL, 28, 'BUNONO'),
(239, 0, 100000, NULL, NULL, 28, 'BUNONO'),
(240, 0, 90000, NULL, NULL, 28, 'BUNONO'),
(241, 0, 110000, NULL, NULL, 28, 'BUNONO'),
(242, 0, 100000, NULL, NULL, 28, 'BUNONO'),
(243, 0, 400000, NULL, NULL, 29, 'LYAMUTUNDWE'),
(244, 0, 400000, NULL, NULL, 29, 'LYAMUTUNDWE'),
(245, 0, 400000, NULL, NULL, 29, 'LYAMUTUNDWE'),
(246, 0, 250000, NULL, NULL, 29, 'LYAMUTUNDWE'),
(247, 0, 250000, NULL, NULL, 29, 'LYAMUTUNDWE'),
(248, 0, 250000, NULL, NULL, 29, 'LYAMUTUNDWE'),
(249, 0, 350000, NULL, NULL, 29, 'LYAMUTUNDWE'),
(250, 0, 300000, NULL, NULL, 29, 'LYAMUTUNDWE'),
(251, 0, 350000, NULL, NULL, 29, 'LYAMUTUNDWE'),
(252, 0, 200000, NULL, NULL, 29, 'LYAMUTUNDWE'),
(253, 0, 250000, NULL, NULL, 29, 'LYAMUTUNDWE'),
(254, 0, 250000, NULL, NULL, 29, 'LYAMUTUNDWE'),
(255, 0, 250000, NULL, NULL, 29, 'LYAMUTUNDWE'),
(256, 0, 280000, NULL, NULL, 29, 'LYAMUTUNDWE'),
(257, 0, 250000, NULL, NULL, 29, 'LYAMUTUNDWE'),
(258, 0, 450000, NULL, NULL, 29, 'LYAMUTUNDWE'),
(259, 0, 250000, NULL, NULL, 29, 'LYAMUTUNDWE'),
(260, 0, 250000, NULL, NULL, 29, 'LYAMUTUNDWE'),
(261, 0, 250000, NULL, NULL, 29, 'LYAMUTUNDWE'),
(262, 0, 100000, NULL, NULL, 30, 'NABUTONO'),
(263, 0, 180000, NULL, NULL, 30, 'NABUTONO'),
(264, 0, 180000, NULL, NULL, 30, 'NABUTONO'),
(265, 0, 180000, NULL, NULL, 30, 'NABUTONO'),
(266, 0, 100000, NULL, NULL, 30, 'NABUTONO'),
(267, 0, 180000, NULL, NULL, 30, 'NABUTONO'),
(268, 0, 180000, NULL, NULL, 30, 'NABUTONO'),
(269, 0, 80000, NULL, NULL, 31, 'TAGY'),
(270, 0, 80000, NULL, NULL, 31, 'TAGY'),
(271, 0, 100000, NULL, NULL, 31, 'TAGY'),
(272, 0, 100000, NULL, NULL, 31, 'TAGY'),
(273, 0, 130000, NULL, NULL, 31, 'TAGY'),
(274, 0, 130000, NULL, NULL, 31, 'TAGY'),
(275, 0, 80000, NULL, NULL, 32, 'KABAALE B'),
(276, 0, 170000, NULL, NULL, 32, 'KABAALE B'),
(277, 0, 140000, NULL, NULL, 32, 'KABAALE B'),
(278, 0, 200000, NULL, NULL, 32, 'KABAALE B'),
(279, 0, 280000, NULL, NULL, 32, 'KABAALE B'),
(280, 0, 280000, NULL, NULL, 32, 'KABAALE B'),
(281, 0, 200000, NULL, NULL, 33, 'BUNONO'),
(282, 0, 200000, NULL, NULL, 33, 'BUNONO'),
(283, 0, 200000, NULL, NULL, 33, 'BUNONO'),
(284, 0, 90000, NULL, NULL, 34, 'KABAALE'),
(285, 0, 200000, NULL, NULL, 34, 'KABAALE'),
(286, 0, 120000, NULL, NULL, 34, 'KABAALE'),
(287, 0, 300000, NULL, NULL, 34, 'KABAALE'),
(288, 0, 90000, NULL, NULL, 34, 'KABAALE'),
(289, 0, 90000, NULL, NULL, 34, 'KABAALE'),
(290, 0, 85000, NULL, NULL, 34, 'KABAALE'),
(291, 0, 100000, NULL, NULL, 34, 'KABAALE'),
(292, 0, 90000, NULL, NULL, 34, 'KABAALE'),
(293, 0, 90000, NULL, NULL, 34, 'KABAALE'),
(294, 0, 90000, NULL, NULL, 34, 'KABAALE'),
(295, 0, 55000, NULL, NULL, 35, 'BUSAMBAGA'),
(296, 0, 50000, NULL, NULL, 35, 'BUSAMBAGA'),
(297, 0, 65000, NULL, NULL, 35, 'BUSAMBAGA'),
(298, 0, 95000, NULL, NULL, 35, 'BUSAMBAGA'),
(299, 0, 60000, NULL, NULL, 35, 'BUSAMBAGA'),
(300, 0, 60000, NULL, NULL, 35, 'BUSAMBAGA'),
(301, 0, 70000, NULL, NULL, 35, 'BUSAMBAGA'),
(302, 0, 65000, NULL, NULL, 35, 'BUSAMBAGA'),
(303, 0, 80000, NULL, NULL, 35, 'BUSAMBAGA'),
(304, 0, 75000, NULL, NULL, 35, 'BUSAMBAGA'),
(305, 0, 75000, NULL, NULL, 35, 'BUSAMBAGA'),
(306, 0, 80000, NULL, NULL, 35, 'BUSAMBAGA'),
(307, 0, 75000, NULL, NULL, 35, 'BUSAMBAGA'),
(308, 0, 80000, NULL, NULL, 35, 'BUSAMBAGA'),
(309, 0, 80000, NULL, NULL, 35, 'BUSAMBAGA'),
(310, 0, 60000, NULL, NULL, 35, 'BUSAMBAGA'),
(311, 0, 60000, NULL, NULL, 35, 'BUSAMBAGA'),
(312, 0, 200000, NULL, NULL, 36, 'BUSAMBAGA'),
(313, 0, 120000, NULL, NULL, 36, 'BUSAMBAGA'),
(314, 0, 200000, NULL, NULL, 36, 'BUSAMBAGA'),
(315, 0, 500000, NULL, NULL, 37, 'BUSABALA'),
(316, 0, 250000, NULL, NULL, 37, 'BUSABALA'),
(317, 0, 250000, NULL, NULL, 37, 'BUSABALA'),
(318, 0, 250000, NULL, NULL, 37, 'BUSABALA'),
(319, 0, 250000, NULL, NULL, 37, 'BUSABALA'),
(320, 0, 250000, NULL, NULL, 37, 'BUSABALA'),
(321, 0, 240000, NULL, NULL, 37, 'BUSABALA'),
(322, 0, 100000, NULL, NULL, 37, 'BUSABALA'),
(323, 0, 100000, NULL, NULL, 37, 'BUSABALA'),
(324, 0, 100000, NULL, NULL, 37, 'BUSABALA'),
(325, 0, 100000, NULL, NULL, 38, 'BUNONO'),
(326, 0, 100000, NULL, NULL, 38, 'BUNONO'),
(327, 0, 200000, NULL, NULL, 38, 'BUNONO'),
(328, 0, 80000, NULL, NULL, 38, 'BUNONO'),
(329, 0, 80000, NULL, NULL, 39, 'KIGUNGU'),
(330, 0, 80000, NULL, NULL, 39, 'KIGUNGU'),
(331, 0, 80000, NULL, NULL, 39, 'KIGUNGU'),
(332, 0, 70000, NULL, NULL, 39, 'KIGUNGU'),
(333, 0, 100000, NULL, NULL, 39, 'KIGUNGU'),
(334, 0, 70000, NULL, NULL, 39, 'KIGUNGU'),
(335, 0, 100000, NULL, NULL, 39, 'KIGUNGU'),
(336, 0, 80000, NULL, NULL, 39, 'KIGUNGU'),
(337, 0, 130000, NULL, NULL, 39, 'KIGUNGU'),
(338, 0, 100000, NULL, NULL, 39, 'KIGUNGU'),
(339, 0, 80000, NULL, NULL, 39, 'KIGUNGU'),
(340, 0, 70000, NULL, NULL, 39, 'KIGUNGU'),
(341, 0, 120000, NULL, NULL, 40, 'KITOORO'),
(342, 0, 140000, NULL, NULL, 40, 'KITOORO'),
(343, 0, 130000, NULL, NULL, 40, 'KITOORO'),
(344, 0, 110000, NULL, NULL, 40, 'KITOORO'),
(345, 0, 120000, NULL, NULL, 40, 'KITOORO'),
(346, 0, 140000, NULL, NULL, 40, 'KITOORO'),
(347, 0, 600000, NULL, NULL, 41, 'NKUMBA'),
(348, 0, 600000, NULL, NULL, 41, 'NKUMBA'),
(349, 0, 600000, NULL, NULL, 41, 'NKUMBA'),
(350, 0, 600000, NULL, NULL, 41, 'NKUMBA'),
(351, 0, 600000, NULL, NULL, 41, 'NKUMBA'),
(352, 0, 600000, NULL, NULL, 41, 'NKUMBA'),
(353, 0, 600000, NULL, NULL, 41, 'NKUMBA'),
(354, 0, 600000, NULL, NULL, 41, 'NKUMBA'),
(355, 0, 600000, NULL, NULL, 41, 'NKUMBA'),
(356, 0, 600000, NULL, NULL, 41, 'NKUMBA'),
(357, 0, 600000, NULL, NULL, 41, 'NKUMBA'),
(358, 0, 100000, NULL, NULL, 42, 'TANDA'),
(359, 0, 100000, NULL, NULL, 42, 'TANDA'),
(360, 0, 200000, NULL, NULL, 42, 'TANDA'),
(361, 0, 170000, NULL, NULL, 42, 'TANDA'),
(362, 0, 120000, NULL, NULL, 42, 'TANDA'),
(363, 0, 200000, NULL, NULL, 42, 'TANDA'),
(364, 0, 90000, NULL, NULL, 43, 'BUNONO'),
(365, 0, 90000, NULL, NULL, 43, 'BUNONO'),
(366, 0, 80000, NULL, NULL, 43, 'BUNONO'),
(367, 0, 80000, NULL, NULL, 43, 'BUNONO'),
(368, 0, 90000, NULL, NULL, 43, 'BUNONO'),
(369, 0, 80000, NULL, NULL, 43, 'BUNONO'),
(370, 0, 60000, NULL, NULL, 44, 'KANONAKALI'),
(371, 0, 60000, NULL, NULL, 44, 'KANONAKALI'),
(372, 0, 60000, NULL, NULL, 44, 'KANONAKALI'),
(373, 0, 60000, NULL, NULL, 44, 'KANONAKALI'),
(374, 0, 60000, NULL, NULL, 44, 'KANONAKALI'),
(375, 0, 50000, NULL, NULL, 44, 'KANONAKALI'),
(376, 0, 60000, NULL, NULL, 44, 'KANONAKALI'),
(377, 0, 100000, NULL, NULL, 45, 'BUNONO'),
(378, 0, 110000, NULL, NULL, 45, 'BUNONO'),
(379, 0, 500000, NULL, NULL, 46, 'KIGUNGU'),
(380, 0, 80000, NULL, NULL, 46, 'KIGUNGU'),
(381, 0, 160000, NULL, NULL, 46, 'KIGUNGU'),
(382, 0, 500000, NULL, NULL, 47, 'KABAALE'),
(383, 0, 500000, NULL, NULL, 47, 'KABAALE'),
(384, 0, 500000, NULL, NULL, 47, 'KABAALE'),
(385, 0, 500000, NULL, NULL, 47, 'KABAALE'),
(386, 0, 300000, NULL, NULL, 47, 'KABAALE'),
(387, 0, 200000, NULL, NULL, 48, 'BUNONO'),
(388, 0, 200000, NULL, NULL, 48, 'BUNONO'),
(389, 0, 200000, NULL, NULL, 48, 'BUNONO'),
(390, 0, 200000, NULL, NULL, 48, 'BUNONO'),
(391, 0, 200000, NULL, NULL, 48, 'BUNONO'),
(392, 0, 200000, NULL, NULL, 48, 'BUNONO'),
(393, 0, 90000, NULL, NULL, 49, 'BUNONO'),
(394, 0, 90000, NULL, NULL, 49, 'BUNONO'),
(395, 0, 90000, NULL, NULL, 49, 'BUNONO'),
(396, 0, 90000, NULL, NULL, 49, 'BUNONO'),
(397, 0, 90000, NULL, NULL, 49, 'BUNONO'),
(398, 0, 90000, NULL, NULL, 49, 'BUNONO'),
(399, 0, 120000, NULL, NULL, 50, 'BUNONO'),
(400, 0, 90000, NULL, NULL, 50, 'BUNONO'),
(401, 0, 120000, NULL, NULL, 50, 'BUNONO'),
(402, 0, 120000, NULL, NULL, 50, 'BUNONO'),
(403, 0, 100000, NULL, NULL, 50, 'BUNONO'),
(404, 0, 0, NULL, NULL, 50, 'BUNONO'),
(405, 0, 0, NULL, NULL, 50, 'BUNONO'),
(406, 0, 80000, NULL, NULL, 51, 'KISEMBI'),
(407, 0, 80000, NULL, NULL, 51, 'KISEMBI'),
(408, 0, 80000, NULL, NULL, 51, 'KISEMBI'),
(409, 0, 80000, NULL, NULL, 51, 'KISEMBI'),
(410, 0, 200000, NULL, NULL, 51, 'KISEMBI'),
(411, 0, 80000, NULL, NULL, 51, 'KISEMBI'),
(412, 0, 130000, NULL, NULL, 51, 'KISEMBI'),
(413, 0, 70000, NULL, NULL, 51, 'KISEMBI'),
(414, 0, 250000, NULL, NULL, 52, 'TAGY'),
(415, 0, 250000, NULL, NULL, 52, 'TAGY'),
(416, 0, 100000, NULL, NULL, 53, 'KITUBULU'),
(417, 0, 100000, NULL, NULL, 53, 'KITUBULU'),
(418, 0, 100000, NULL, NULL, 53, 'KITUBULU'),
(419, 0, 80000, NULL, NULL, 53, 'KITUBULU'),
(420, 0, 80000, NULL, NULL, 53, 'KITUBULU'),
(421, 0, 80000, NULL, NULL, 53, 'KITUBULU'),
(422, 0, 100000, NULL, NULL, 53, 'KITUBULU'),
(423, 0, 100000, NULL, NULL, 54, 'UPPER CENTRAL'),
(424, 0, 100000, NULL, NULL, 54, 'UPPER CENTRAL'),
(425, 0, 100000, NULL, NULL, 54, 'UPPER CENTRAL'),
(426, 0, 100000, NULL, NULL, 54, 'UPPER CENTRAL'),
(427, 0, 100000, NULL, NULL, 54, 'UPPER CENTRAL'),
(428, 0, 100000, NULL, NULL, 54, 'UPPER CENTRAL'),
(429, 0, 100000, NULL, NULL, 54, 'UPPER CENTRAL'),
(430, 0, 100000, NULL, NULL, 54, 'UPPER CENTRAL'),
(431, 0, 100000, NULL, NULL, 54, 'UPPER CENTRAL'),
(432, 0, 100000, NULL, NULL, 54, 'UPPER CENTRAL'),
(433, 0, 100000, NULL, NULL, 54, 'UPPER CENTRAL'),
(434, 0, 100000, NULL, NULL, 54, 'UPPER CENTRAL'),
(435, 0, 80000, NULL, NULL, 55, 'OWN HOME'),
(436, 0, 80000, NULL, NULL, 55, 'OWN HOME'),
(437, 0, 80000, NULL, NULL, 55, 'OWN HOME'),
(438, 0, 80000, NULL, NULL, 55, 'OWN HOME'),
(439, 0, 80000, NULL, NULL, 55, 'OWN HOME'),
(440, 0, 80000, NULL, NULL, 55, 'OWN HOME'),
(441, 0, 80000, NULL, NULL, 55, 'OWN HOME'),
(442, 0, 80000, NULL, NULL, 55, 'OWN HOME'),
(443, 0, 80000, NULL, NULL, 55, 'OWN HOME'),
(444, 0, 80000, NULL, NULL, 55, 'OWN HOME'),
(445, 0, 80000, NULL, NULL, 55, 'OWN HOME');

-- --------------------------------------------------------

--
-- Table structure for table `rooms_payment`
--

CREATE TABLE `rooms_payment` (
  `id` int(11) NOT NULL,
  `date_paid` date DEFAULT NULL,
  `amount` int(11) NOT NULL,
  `tenant` int(11) DEFAULT NULL,
  `room` int(11) NOT NULL,
  `landlord` int(11) DEFAULT NULL,
  `comission` int(11) DEFAULT NULL,
  `remarks` varchar(100) DEFAULT NULL,
  `year` int(11) NOT NULL,
  `month` varchar(100) NOT NULL
) ENGINE=InnoDB DEFAULT CHARSET=utf8mb4 COLLATE=utf8mb4_general_ci;

-- --------------------------------------------------------

--
-- Table structure for table `sessions`
--

CREATE TABLE `sessions` (
  `id` varchar(255) NOT NULL,
  `user_id` bigint(20) UNSIGNED DEFAULT NULL,
  `ip_address` varchar(45) DEFAULT NULL,
  `user_agent` text DEFAULT NULL,
  `payload` longtext NOT NULL,
  `last_activity` int(11) NOT NULL
) ENGINE=InnoDB DEFAULT CHARSET=utf8mb4 COLLATE=utf8mb4_unicode_ci;

-- --------------------------------------------------------

--
-- Table structure for table `staff`
--

CREATE TABLE `staff` (
  `id` int(11) NOT NULL,
  `name` varchar(100) NOT NULL,
  `date onboarded` date NOT NULL,
  `contact` varchar(20) NOT NULL,
  `email` varchar(255) DEFAULT NULL,
  `location` varchar(100) DEFAULT NULL
) ENGINE=InnoDB DEFAULT CHARSET=utf8mb4 COLLATE=utf8mb4_general_ci;

-- --------------------------------------------------------

--
-- Table structure for table `tenants`
--

CREATE TABLE `tenants` (
  `id` int(11) NOT NULL,
  `name` varchar(100) NOT NULL,
  `date_onboarded` date NOT NULL DEFAULT curdate(),
  `room_id` int(11) DEFAULT NULL,
  `contact` varchar(20) DEFAULT NULL
) ENGINE=InnoDB DEFAULT CHARSET=utf8mb4 COLLATE=utf8mb4_general_ci;

--
-- Dumping data for table `tenants`
--

INSERT INTO `tenants` (`id`, `name`, `date_onboarded`, `room_id`, `contact`) VALUES
(1, 'DISABLED / NAAVA', '2025-02-16', 1, NULL),
(2, 'TUTI STEVEN', '2025-02-16', 2, NULL),
(3, 'WASWA', '2025-02-16', 3, NULL),
(4, 'LUKWAGO HARUNA', '2025-02-16', 4, NULL),
(5, 'KIVUMBI ALLAN', '2025-02-16', 5, NULL),
(6, 'NSUBUGA', '2025-02-16', 6, NULL),
(7, 'EFRANCE', '2025-02-16', 7, NULL),
(8, 'TWIINE BAR', '2025-02-16', 8, NULL),
(9, 'WAKISO GHURCH', '2025-02-16', 9, NULL),
(10, 'NABWAMI MAGRET', '2025-02-16', 10, NULL),
(11, 'EDUTECH MEDIA GROUP', '2025-02-16', 11, NULL),
(12, 'MUHAMED', '2025-02-16', 12, NULL),
(13, 'NAKIGANDA JOSEPHINE', '2025-02-16', 13, NULL),
(14, 'NYAKYO', '2025-02-16', 14, NULL),
(15, 'EMMANUEL ONYANGO', '2025-02-16', 15, NULL),
(16, 'MEGA', '2025-02-16', 16, NULL),
(17, 'KABAZZI JOHN JOSEPH', '2025-02-16', 17, NULL),
(18, 'OLIVIA', '2025-02-16', 18, NULL),
(19, 'A7 RAYMOND', '2025-02-16', 19, NULL),
(20, 'A10 PATRICK', '2025-02-16', 20, NULL),
(21, 'B6 DIANA NANKYA', '2025-02-16', 21, NULL),
(22, 'B9 VIANE', '2025-02-16', 22, NULL),
(23, 'EYOKO TONNY', '2025-02-16', 23, NULL),
(24, 'OTIM ISAAC', '2025-02-16', 24, NULL),
(25, 'SSERUGGA JAMES', '2025-02-16', 25, NULL),
(26, 'LUTALO EPHRAIM', '2025-02-16', 26, NULL),
(27, 'WALUGEMBE BENARD', '2025-02-16', 27, NULL),
(28, 'NANYONGA JULIET', '2025-02-16', 28, NULL),
(29, 'MAFABI STEVEN', '2025-02-16', 29, NULL),
(30, 'MUWANGA LAWRENCE', '2025-02-16', 30, NULL),
(31, 'KIYINGI MUHAMED', '2025-02-16', 31, NULL),
(32, 'KITINDA', '2025-02-16', 32, NULL),
(33, 'ANGEL AND ALPHA', '2025-02-16', 33, NULL),
(34, 'SALOON SARAH', '2025-02-16', 34, NULL),
(35, 'NEW WAVE B/C', '2025-02-16', 35, NULL),
(36, 'MUTELABA LOENARLD', '2025-02-16', 36, NULL),
(37, 'NABAYANZA ANGELLAH', '2025-02-16', 37, NULL),
(38, 'YASIN', '2025-02-16', 38, NULL),
(39, 'WASWA SHAFFIC', '2025-02-16', 39, NULL),
(40, 'AKIA ESTHER', '2025-02-16', 40, NULL),
(41, 'NAYIGAGA HADIJA', '2025-02-16', 41, NULL),
(42, 'KALLEN', '2025-02-16', 42, NULL),
(43, 'SSEBUUMA EMMA', '2025-02-16', 43, NULL),
(44, 'NAKINTU', '2025-02-16', 44, NULL),
(45, 'NANYANZI MARIA', '2025-02-16', 45, NULL),
(46, 'KASIRYE SADAM', '2025-02-16', 46, NULL),
(47, 'OKINDI FRANK', '2025-02-16', 47, NULL),
(48, 'KAYINJA', '2025-02-16', 48, NULL),
(49, 'NASAZI JUSTINE', '2025-02-16', 49, NULL),
(50, 'MUKEMBO SHAFIC', '2025-02-16', 50, NULL),
(51, 'SERUMA RONALD', '2025-02-16', 51, NULL),
(52, 'JUSTUS', '2025-02-16', 52, NULL),
(53, 'BOSCO MUHINDO', '2025-02-16', 53, NULL),
(54, 'MUTABAAZI DOMINIC', '2025-02-16', 54, NULL),
(55, 'OSMAN MUHAMMED', '2025-02-16', 55, NULL),
(56, 'BRENDAH', '2025-02-16', 56, NULL),
(57, 'SADICK 2', '2025-02-16', 57, NULL),
(58, 'MWESEZI JOSEPH', '2025-02-16', 58, NULL),
(59, 'NEENO ALEX', '2025-02-16', 59, NULL),
(60, 'NEW TENANT', '2025-02-16', 60, NULL),
(61, 'BUTAYI JULIUS', '2025-02-16', 61, NULL),
(62, 'KASIBANTE (SUNDAY)', '2025-02-16', 62, NULL),
(63, 'MUKASA', '2025-02-16', 63, NULL),
(64, 'BYAFULA MED', '2025-02-16', 64, NULL),
(65, 'CHARLSE', '2025-02-16', 65, NULL),
(66, 'JOLLY', '2025-02-16', 66, NULL),
(67, 'IBRAHIM HARUNA', '2025-02-16', 67, NULL),
(68, 'EMMANUEL', '2025-02-16', 68, NULL),
(69, 'KALABBA/justine', '2025-02-16', 69, NULL),
(70, 'SSENDAGALA', '2025-02-16', 70, NULL),
(71, 'JOSEPH', '2025-02-16', 71, NULL),
(72, 'SIRAGE PEORSE', '2025-02-16', 72, NULL),
(73, 'CHRISTOPHER', '2025-02-16', 73, NULL),
(74, 'BADRU', '2025-02-16', 74, NULL),
(75, 'LUGAYIZI ISA', '2025-02-16', 75, NULL),
(76, 'THEMBO', '2025-02-16', 76, NULL),
(77, 'JAWIRO ISAAC', '2025-02-16', 77, NULL),
(78, 'UMAR', '2025-02-16', 78, NULL),
(79, 'TONY KIGUNDU', '2025-02-16', 79, NULL),
(80, 'NALUKWAGO VICTORIA', '2025-02-16', 80, NULL),
(81, 'LUYIMA TRAVIS', '2025-02-16', 81, NULL),
(82, 'JOSHUA ODONGO', '2025-02-16', 82, NULL),
(83, 'KIZZA', '2025-02-16', 83, NULL),
(84, 'PAUL', '2025-02-16', 84, NULL),
(85, 'KANSIIME', '2025-02-16', 85, NULL),
(86, 'YUSUF', '2025-02-16', 86, NULL),
(87, 'SSAKU DAVID', '2025-02-16', 87, NULL),
(88, 'TABWIRE DAVID 2', '2025-02-16', 88, NULL),
(89, 'TIMOTHY', '2025-02-16', 89, NULL),
(90, 'BOSCO', '2025-02-16', 90, NULL),
(91, 'SALON MUYUNGA EDDY', '2025-02-16', 91, NULL),
(92, 'JIMMY PINTO', '2025-02-16', 92, NULL),
(93, 'ABONGMERA MARK OPIO', '2025-02-16', 93, NULL),
(94, 'MICHEAL NTEGE', '2025-02-16', 94, NULL),
(95, 'EYELYN', '2025-02-16', 95, NULL),
(96, 'KIGOZI ISMA', '2025-02-16', 96, NULL),
(97, 'GOLOOBA JOHN', '2025-02-16', 97, NULL),
(98, 'KIJAMBU EMMANUEL', '2025-02-16', 98, NULL),
(99, 'SYLVIA', '2024-11-23', 99, NULL),
(100, 'GALYANGA MOSES', '2025-02-16', 100, NULL),
(101, 'MARVIN', '2025-02-16', 101, NULL),
(102, 'BWAMBALE DAVIS', '2025-02-16', 102, NULL),
(103, 'SAM', '2025-02-16', 103, NULL),
(104, 'WALUSIMBI JERRY', '2025-02-16', 104, NULL),
(105, 'CHWA JOSEPH (DUKE)', '2025-02-16', 105, NULL),
(106, 'MULEJU BUMALI', '2025-02-16', 106, NULL),
(107, 'ISHAAMU SSEKAJIGO', '2025-02-16', 107, NULL),
(108, 'GUMOSHABE BRIAN', '2025-02-16', 108, NULL),
(109, 'SSEKYANZI FRANK', '2025-02-16', 109, NULL),
(110, 'AQUINAS PETER', '2025-02-16', 110, NULL),
(111, 'SSENTONGO MICHEAL', '2025-02-16', 111, NULL),
(112, 'PETER WAGAMBIRE', '2025-02-16', 112, NULL),
(113, 'DANKAINE HAMUZA', '2025-02-16', 113, NULL),
(114, 'MUHUMUZA ROGERS', '2025-02-16', 114, NULL),
(115, 'JUUKO & NTULUME', '2025-02-16', 115, NULL),
(116, 'ABDUL ZIMULA', '2025-02-16', 116, NULL),
(117, 'SSERWADDA FRED', '2025-02-16', 117, NULL),
(118, 'HOT BET', '2025-02-16', 118, NULL),
(119, 'MTB OSCAR', '2025-02-16', 119, NULL),
(120, 'FLORENCE', '2025-02-16', 120, NULL),
(121, 'NAKILYA MARY', '2025-02-16', 121, NULL),
(122, 'PAUL WAMBOOZO', '2025-02-16', 122, NULL),
(123, 'ODONG PIN', '2025-02-16', 123, NULL),
(124, 'PATRICIA', '2025-02-16', 124, NULL),
(125, 'KASULE ISMA', '2025-02-16', 125, NULL),
(126, 'KATABILA WILLIAM', '2025-02-16', 126, NULL),
(127, 'NAMAYANJA JANIFER', '2025-02-16', 127, NULL),
(128, 'NANKABIRWA PAULINE(-MAR)', '2025-02-16', 128, NULL),
(129, 'SSEKITTO GODFREY (-1/2 MAR)', '2025-02-16', 129, NULL),
(130, 'IVAN', '2025-02-16', 130, NULL),
(131, 'ARIAKA SAM', '2025-02-16', 131, NULL),
(132, 'JULIUS MUHUMUZA', '2025-02-16', 132, NULL),
(133, 'BUGEMBE SAMUEL', '2025-02-16', 133, NULL),
(134, 'NABUSHALO ANNET', '2025-02-16', 134, NULL),
(135, 'BOB', '2025-02-16', 135, NULL),
(136, 'MUTYABA', '2025-02-16', 136, NULL),
(137, 'NASSALI DOREEN (DEC-FEB)', '2025-02-16', 137, NULL),
(138, 'KATONGOLE', '2025-02-16', 138, NULL),
(139, 'MUTEBI MUSA', '2025-02-16', 139, NULL),
(140, 'JOSEPH KASUMBA', '2025-02-16', 140, NULL),
(141, 'RAZAMAS', '2025-02-16', 141, NULL),
(142, 'SOKA MUHAMMED', '2025-02-16', 142, NULL),
(143, 'NAMUKASA', '2025-02-16', 143, NULL),
(144, 'RACHEAL', '2025-02-16', 144, NULL),
(145, 'SHADIA', '2025-02-16', 145, NULL),
(146, 'EKAKWA DAVID', '2025-02-16', 146, NULL),
(147, 'ISDOR', '2025-02-16', 147, NULL),
(148, 'ATYANGA Magret', '2025-02-16', 148, NULL),
(149, 'ISAAC', '2025-02-16', 149, NULL),
(150, 'TWIINE RODGERS', '2025-02-16', 150, NULL),
(151, 'OGWAL MORRIS', '2025-02-16', 151, NULL),
(152, 'KYOMUGISHA', '2025-02-16', 152, NULL),
(153, 'RASHIDA MUTANDA', '2025-02-16', 153, NULL),
(154, 'NAMBI CHRISTINE', '2025-02-16', 154, NULL),
(155, 'CHRISTINE', '2025-02-16', 155, NULL),
(156, 'DOREEN', '2025-02-16', 156, NULL),
(157, 'KENTALO ANNET', '2025-02-16', 157, NULL),
(158, 'NANSUBUGA LYDIA', '2025-02-16', 158, NULL),
(159, 'ARMAN/ ANOLD', '2025-02-16', 159, NULL),
(160, 'NAKIBONEKA NULU', '2025-02-16', 160, NULL),
(161, 'WASWA MATIA', '2025-02-16', 161, NULL),
(162, 'KATUMBA SUZAN', '2025-02-16', 162, NULL),
(163, 'ANKUNDA BETTY', '2025-02-16', 163, NULL),
(164, 'NAJJEMBA HADIJAH', '2025-02-16', 164, NULL),
(165, 'NANYONGA AISHA', '2025-02-16', 165, NULL),
(166, 'REGAN CHRISTOPHER', '2025-02-16', 166, NULL),
(167, 'NUWABIINE PETER', '2025-02-16', 167, NULL),
(168, 'LUZINDA PAUL MUSOOKA', '2025-02-16', 168, NULL),
(169, 'VIHENDA NOELINE', '2025-02-16', 169, NULL),
(170, 'TRACY', '2025-02-16', 170, NULL),
(171, 'KOBUSINGYE SHARON', '2025-02-16', 171, NULL),
(172, 'FRED BUSAMBAGA', '2025-02-16', 172, NULL),
(173, 'NANSAMBA MARIA', '2025-02-16', 173, NULL),
(174, 'CALVIN', '2025-02-16', 174, NULL),
(175, 'OKELLO JOHNSON', '2025-02-16', 175, NULL),
(176, 'KASOZI DAVIS', '2025-02-16', 176, NULL),
(177, 'SEMATIMBA STEVEN', '2025-02-16', 177, NULL),
(178, 'JUSTON', '2025-02-16', 178, NULL),
(179, 'BWENGYE MATHEW (FLAVIA)', '2025-02-16', 179, NULL),
(180, 'MIREMBE JOYCE', '2025-02-16', 180, NULL),
(181, 'GODFREY NSUBUGA', '2025-02-16', 181, NULL),
(182, 'JEFF', '2025-02-16', 182, NULL),
(183, 'KASAJJA HUSSEIN', '2025-02-16', 183, NULL),
(184, 'SSEMPIJJA EMMANUEL', '2025-02-16', 184, NULL),
(185, 'JANE', '2025-02-16', 185, NULL),
(186, 'MAAMA MUKIBI', '2025-02-16', 186, NULL),
(189, 'TWAHA', '2025-02-16', 187, NULL),
(190, 'JESCA', '2025-02-16', 188, NULL),
(191, 'MAAMA SWEET', '2025-02-16', 189, NULL),
(192, 'WASWA GERALD WAMALA', '2025-02-16', 190, NULL),
(193, 'ROBERT KASUMBA', '2025-02-16', 191, NULL),
(194, 'SARAH NAMUJJU', '2025-02-16', 192, NULL),
(195, 'RACHEAL', '2025-02-16', 193, NULL),
(196, 'DAUDA', '2025-02-16', 194, NULL),
(197, 'MUKISA', '2025-02-16', 195, NULL),
(198, 'ALI ISMAIL', '2025-02-16', 196, NULL),
(199, 'G. ODONG', '2025-02-16', 197, NULL),
(200, 'NINSIIMA MARY', '2025-02-16', 198, NULL),
(201, 'OUMA FAITH', '2025-02-16', 199, NULL),
(202, 'IRENE', '2025-02-16', 200, NULL),
(203, 'PETER ODONG', '2025-02-16', 201, NULL),
(204, 'NANSIKOMBI JOAN', '2025-02-16', 202, NULL),
(205, 'JOHNSON', '2025-02-16', 203, NULL),
(206, 'MUDE ZEDEKIA', '2025-02-16', 204, NULL),
(207, 'MUSISI DENIS', '2025-02-16', 205, NULL),
(208, 'OBULA SAMUEL', '2025-02-16', 206, NULL),
(209, 'SAMSON', '2025-02-16', 207, NULL),
(210, 'ROBERT', '2025-02-16', 208, NULL),
(211, 'SSENDAGIRE RICHARD', '2025-02-16', 209, NULL),
(212, 'MUKISA JOEL', '2025-02-16', 210, NULL),
(213, 'PATIENCE', '2025-02-16', 211, NULL),
(214, 'TEOPISTA', '2025-02-16', 212, NULL),
(215, 'ARIANAH', '2025-02-16', 213, NULL),
(216, 'MATSIKO HILARY', '2025-02-16', 214, NULL),
(217, 'KATANTAZI RONALD', '2025-02-16', 215, NULL),
(218, 'HANIFAH MATOVU', '2025-02-16', 216, NULL),
(219, 'MUTALE IVAN', '2025-02-16', 217, NULL),
(220, 'HENRY NSIMBE', '2025-02-16', 218, NULL),
(221, 'DEO', '2025-02-16', 219, NULL),
(222, 'NAKASULE HADIJAH', '2025-02-16', 220, NULL),
(223, 'AISHA NABATANZI', '2025-02-16', 221, NULL),
(224, 'ATUKUNDA IVONNE', '2025-02-16', 222, NULL),
(225, 'NAKAYI JOSEPHINE', '2025-02-16', 223, NULL),
(226, 'MULOKOLE', '2025-02-16', 224, NULL),
(227, 'ASIIMWE', '2025-02-16', 225, NULL),
(228, 'MARIAM', '2025-02-16', 226, NULL),
(229, 'LUKUNDO JIMMY', '2025-02-16', 227, NULL),
(230, 'MUSAWO', '2025-02-16', 228, NULL),
(231, 'NALONGO MAGRET', '2025-02-16', 229, NULL),
(232, 'MUKOSI SAMUEL', '2025-02-16', 230, NULL),
(233, 'DERRICK SSEBAGGALA william', '2025-02-16', 231, NULL),
(234, 'PATRICK', '2025-02-16', 232, NULL),
(235, 'FRED', '2025-02-16', 233, NULL),
(236, 'KAKULU', '2025-02-16', 234, NULL),
(237, 'NSUBUGA FRANK', '2025-02-16', 235, NULL),
(238, 'HADIJAH', '2025-02-16', 236, NULL),
(239, 'WASWA MULONGO (KAKULU)', '2025-02-16', 237, NULL),
(240, 'FLORENCE', '2025-02-16', 238, NULL),
(241, 'KIM', '2025-02-16', 239, NULL),
(242, 'MIKENGA DAVID', '2025-02-16', 240, NULL),
(243, 'PATRICK', '2025-02-16', 241, NULL),
(244, 'TOGO DANISH', '2025-02-16', 242, NULL),
(245, 'BWETABULE RONALD', '2025-02-16', 243, NULL),
(246, 'KAPESA', '2025-02-16', 244, NULL),
(247, 'LAWRENCE CHELIRE', '2025-02-16', 245, NULL),
(248, 'ONUME BRIAN', '2025-02-16', 246, NULL),
(249, 'NAMBUSI JUSTINE', '2025-02-16', 247, NULL),
(250, 'SSAKU SAMUEL', '2025-02-16', 248, NULL),
(251, 'MARTIN', '2025-02-16', 249, NULL),
(252, 'SUZAN NAMAKOLI', '2025-02-16', 250, NULL),
(253, 'ODEKE', '2025-02-16', 251, NULL),
(254, 'NASSOZI SHAMIM', '2025-02-16', 252, NULL),
(255, 'OSCAR', '2025-02-16', 253, NULL),
(256, 'WAMBI JOSEPH', '2025-02-16', 254, NULL),
(257, 'CHEROP TOM', '2025-02-16', 255, NULL),
(258, 'DR WASWA MEDDY', '2025-02-16', 256, NULL),
(259, 'MBABAZI CLOVIS', '2025-02-16', 257, NULL),
(260, 'CHRISTOPHER MWESIGE', '2025-02-16', 258, NULL),
(261, 'DUMBA DRAKE', '2025-02-16', 259, NULL),
(262, 'ZIWA', '2025-02-16', 260, NULL),
(263, 'NAKATO', '2025-02-16', 261, NULL),
(264, 'ATWIINE MARY / bagonza', '2025-02-16', 262, NULL),
(265, 'NANSUBUGA SIYAMA', '2025-02-16', 263, NULL),
(266, 'NAMUGERWA ANNAH', '2025-02-16', 264, NULL),
(267, 'OMARA ALBERT', '2025-02-16', 265, NULL),
(268, 'GODFREY', '2025-02-16', 266, NULL),
(269, 'ISIIKO FAROUK', '2025-02-16', 267, NULL),
(270, 'KYALIMPA JULIUS', '2025-02-16', 268, NULL),
(271, 'TR JOVIA', '2025-02-16', 269, NULL),
(272, 'TR INNOCENT', '2025-02-16', 270, NULL),
(273, 'MUSINGUZI METHODIUS', '2025-02-16', 271, NULL),
(274, 'WAFULA ALI', '2025-02-16', 272, NULL),
(275, 'SSEMUGENYI', '2025-02-16', 273, NULL),
(276, 'LUBEGA JOVAN', '2025-02-16', 274, NULL),
(277, 'ASERU HARRIET', '2025-02-16', 275, NULL),
(278, 'NAMAWANDA/MUTYABA', '2025-02-16', 276, NULL),
(279, 'FLORENCE', '2025-02-16', 277, NULL),
(280, 'MALINGA', '2025-02-16', 278, NULL),
(281, 'MUHANDUR DANSIAN', '2025-02-16', 279, NULL),
(282, 'DAPHINE', '2025-02-16', 280, NULL),
(283, 'JALIA', '2025-02-16', 281, NULL),
(284, 'KIRABO EVAS', '2025-02-16', 282, NULL),
(285, 'KIRUMIRA STEVEN', '2025-02-16', 283, NULL),
(286, 'EDDY', '2025-02-16', 284, NULL),
(287, 'OTIM CHRISTINE', '2025-02-16', 285, NULL),
(288, 'NAMAYANJA EVELYNE', '2025-02-16', 286, NULL),
(289, 'NAKAWEESI BARBRA', '2025-02-16', 287, NULL),
(290, 'MPIIMA IVAN', '2025-02-16', 288, NULL),
(291, 'ISMAIL (JAN-FEB)', '2025-02-16', 289, NULL),
(292, 'GEORGE WILLIAM', '2025-02-16', 290, NULL),
(293, 'EDWARD SSERUNJOJI (FEB-APR)', '2025-02-16', 291, NULL),
(294, 'SEBUNYA JIMMY', '2025-02-16', 292, NULL),
(295, 'MAGWA', '2025-02-16', 293, NULL),
(296, 'ISMA LADDERS', '2025-02-16', 294, NULL),
(297, 'RM 1', '2025-02-16', 295, NULL),
(298, 'RM 2 DAN', '2025-02-16', 296, NULL),
(299, 'RM 3', '2025-02-16', 297, NULL),
(300, 'RM 4 JANE', '2025-02-16', 298, NULL),
(301, 'RM 5 MAGANDA', '2025-02-16', 299, NULL),
(302, 'RM 6 SHOP', '2025-02-16', 300, NULL),
(303, 'RM 7 ARON RAMSEY', '2025-02-16', 301, NULL),
(304, 'RM 9 MOSES', '2025-02-16', 302, NULL),
(305, 'RM 10 PATRICK', '2025-02-16', 303, NULL),
(306, 'RM 11 KILYOWA', '2025-02-16', 304, NULL),
(307, 'RM 12 TAMALE JULIUS', '2025-02-16', 305, NULL),
(308, 'RM 13 NELSON', '2025-02-16', 306, NULL),
(309, 'RM 14 MOSES', '2025-02-16', 307, NULL),
(310, 'RM 16 AKAKWASA PATRICK', '2025-02-16', 308, NULL),
(311, 'RM 17 MOSES', '2025-02-16', 309, NULL),
(312, 'RM 18 DAVID', '2025-02-16', 310, NULL),
(313, 'RM 19 AMOS ASIIMWE', '2025-02-16', 311, NULL),
(314, 'ACHOM SONIA', '2025-02-16', 312, NULL),
(315, 'BELINDA ANGEL', '2025-02-16', 313, NULL),
(316, 'NALONGO SYLVIA', '2025-02-16', 314, NULL),
(317, 'BUKIRWA JUSTINE', '2025-02-16', 315, NULL),
(318, 'GERALD', '2025-02-16', 316, NULL),
(319, 'ISEBAIDU ISAAC', '2025-02-16', 317, NULL),
(320, 'MUSITWA ACHILES', '2025-02-16', 318, NULL),
(321, 'KAVUMA ISMAIL', '2025-02-16', 319, NULL),
(322, 'SUZAN', '2025-02-16', 320, NULL),
(323, 'KAVUMA MUZAFALU', '2025-02-16', 321, NULL),
(324, 'LUBEGA VINCENT', '2025-02-16', 322, NULL),
(325, 'NANYANZI JOSEPHINE', '2025-02-16', 323, NULL),
(326, 'KAYIWA SIMON', '2025-02-16', 324, NULL),
(327, 'RONALD', '2025-02-16', 325, NULL),
(328, 'JOSEPH', '2025-02-16', 326, NULL),
(329, 'ALLAN & JANE', '2025-02-16', 327, NULL),
(330, 'UMAR', '2025-02-16', 328, NULL),
(331, 'TUMUKUNDE DOROTHY', '2025-02-16', 329, NULL),
(332, 'ROOM 4 WASWA', '2025-02-16', 330, NULL),
(333, 'ROOM 5 NAKITTO', '2025-02-16', 331, NULL),
(334, 'ROOM 6 MARIAM', '2025-02-16', 332, NULL),
(335, 'BIRABWA', '2025-02-16', 333, NULL),
(336, 'ROOM 10 NAMUYOMBA', '2025-02-16', 334, NULL),
(337, 'KIGUNDU JAMES', '2025-02-16', 335, NULL),
(338, 'LUWAGA SHAFFIC', '2025-02-16', 336, NULL),
(339, 'NASSOZI JOAN', '2025-02-16', 337, NULL),
(340, 'BUGEMBE HUSEIN', '2025-02-16', 338, NULL),
(341, 'MAKAI GODFREY', '2025-02-16', 339, NULL),
(342, 'WAGOLO DAUDA', '2025-02-16', 340, NULL),
(343, 'PATRICK', '2025-02-17', 341, NULL),
(344, 'MUGISHA MOSES', '2025-02-17', 342, NULL),
(345, 'DOREEN', '2025-02-17', 343, NULL),
(346, 'COLLINS OKUMU INNO', '2025-02-17', 344, NULL),
(347, 'GEOFREY KIPANDA', '2025-02-17', 345, NULL),
(348, 'MUWASIMA GENUINE', '2025-02-17', 346, NULL),
(349, 'A2 ZUBAIR I /S', '2025-02-17', 347, NULL),
(350, 'A1 CHA CHA /S', '2025-02-17', 348, NULL),
(351, 'A3 LATIF / S', '2025-02-17', 349, NULL),
(352, 'A4 WETAKA /S', '2025-02-17', 350, NULL),
(353, 'A9 NALWANGA', '2025-02-17', 351, NULL),
(354, 'B3 OBONG THOMAS/ S', '2025-02-17', 352, NULL),
(355, 'B4 BIKOMWA DAUCE/S', '2025-02-17', 353, NULL),
(356, 'B5 WANJALA / S L.L', '2025-02-17', 354, NULL),
(357, 'B7 ANGELLA', '2025-02-17', 355, NULL),
(358, 'B8 STUDENT RONNIE /S', '2025-02-17', 356, NULL),
(359, 'B10 LUKIA/ S', '2025-02-17', 357, NULL),
(360, 'SSENYONJO ARNOLD', '2025-02-17', 358, NULL),
(361, 'BESIGYE STEVEN', '2025-02-17', 359, NULL),
(362, 'KABONGE ANDREW', '2025-02-17', 360, NULL),
(363, 'MUKUYE KHASSIM', '2025-02-17', 361, NULL),
(364, 'MUYINE COLLINS', '2025-02-17', 362, NULL),
(365, 'APENDO JOSEPH', '2025-02-17', 363, NULL),
(366, 'JULIUS', '2025-02-17', 364, NULL),
(367, 'KOMUGISHA', '2025-02-17', 365, NULL),
(368, 'JJEMBA SUDAICE', '2025-02-17', 366, NULL),
(369, 'BOGERE TOM', '2025-02-17', 367, NULL),
(370, 'KINTU SIMON', '2025-02-17', 368, NULL),
(371, 'WANJALA', '2025-02-17', 369, NULL),
(372, 'OUMA EVAS', '2025-02-17', 370, NULL),
(373, 'KATEREGGA NOAH', '2025-02-17', 371, NULL),
(374, 'MAAMA NAMU', '2025-02-17', 372, NULL),
(375, 'OKOLOT BENARD', '2025-02-17', 373, NULL),
(376, 'MATOVU', '2025-02-17', 374, NULL),
(377, 'AISHA', '2025-02-17', 375, NULL),
(378, 'CHARLSE', '2025-02-17', 376, NULL),
(379, 'KATITI MUSA', '2025-02-17', 377, NULL),
(380, 'KAKOOZA AMIR', '2025-02-17', 378, NULL),
(381, 'TR.SARAH', '2025-02-17', 379, NULL),
(382, 'OBBO', '2025-02-17', 380, NULL),
(383, 'DR. NSUBUGA', '2025-02-17', 382, NULL),
(384, 'MILLY', '2025-02-17', 383, NULL),
(385, 'VIOLA', '2025-02-17', 384, NULL),
(386, 'OPIO KEVIN', '2025-02-17', 385, NULL),
(387, 'TRACY', '2025-02-17', 386, NULL),
(388, 'NUWAMANYA JULIUS', '2025-02-17', 387, NULL),
(389, 'OMAL GEORGE', '2025-02-17', 388, NULL),
(390, 'SSEMAKULA IVAN', '2025-02-17', 389, NULL),
(391, 'KATURAMU ANNAH', '2025-02-17', 390, NULL),
(392, 'NASURU (JAN- MAR)', '2025-02-17', 391, NULL),
(393, 'WEFI JEFARI (FEB-APR)', '2025-02-17', 392, NULL),
(394, 'DAVID MPIIMA', '2025-02-17', 393, NULL),
(395, 'KIGUNDU SUNDAY', '2025-02-17', 394, NULL),
(396, 'KABIITO EMMA', '2025-02-17', 395, NULL),
(397, 'KIRABO SYLVIA', '2025-02-17', 396, NULL),
(398, 'SSEMPALA PETER', '2025-02-17', 397, NULL),
(399, 'SSEMPIJJA GODFREY', '2024-12-05', 398, NULL),
(400, 'KAYONDO RONNIE', '2025-02-17', 399, NULL),
(401, 'MUSOKE', '2025-02-17', 400, NULL),
(402, 'NASIFA BINTY', '2025-02-17', 401, NULL),
(403, 'TAATA FAVOUR', '2025-02-17', 402, NULL),
(404, 'SSEMPIJJA DAVIS', '2025-02-17', 403, NULL),
(405, 'MATOVU PAUL', '2025-02-17', 406, NULL),
(406, 'DENIS', '2025-02-17', 407, NULL),
(407, 'LABAN', '2025-02-17', 408, NULL),
(408, 'ESTHER (ESEZA)', '2025-02-17', 409, NULL),
(409, 'PHIONA (JAN-MAR)', '2025-02-17', 410, NULL),
(410, 'MUYINGO GERALD', '2025-02-17', 411, NULL),
(411, 'NALUKENGE GORRET (JAN-MAR)', '2025-02-17', 412, NULL),
(412, 'MUKISA ISA', '2025-02-17', 413, NULL),
(413, 'MUGERWA', '2025-02-17', 414, NULL),
(414, 'SAM', '2025-02-17', 415, NULL),
(415, 'VIOLET', '2025-02-17', 416, NULL),
(416, 'WANDERA', '2025-02-17', 417, NULL),
(417, 'CLAIRE', '2025-02-17', 418, NULL),
(418, 'BETTY', '2025-02-17', 419, NULL),
(419, 'ALENYA PATRICK', '2025-02-17', 420, NULL),
(420, 'SADAM', '2025-02-17', 421, NULL),
(421, 'CISY', '2025-02-17', 422, NULL),
(422, 'NAKAWANGA HASIFA', '2025-02-17', 423, NULL),
(423, 'LWASAMPIJJA KEVIN', '2025-02-17', 424, NULL),
(424, 'KABACHWAMBA GRACE', '2025-02-17', 425, NULL),
(425, 'KALANZI EDIRISA', '2025-02-17', 426, NULL),
(426, 'MUKISA SOWALI', '2025-02-17', 427, NULL),
(427, 'NAMULINDWA CHRISTINE', '2025-02-17', 428, NULL),
(428, 'KASIMU LYDIA', '2025-02-17', 429, NULL),
(429, 'AHIMBISIBWE CLOVIAS', '2025-02-17', 430, NULL),
(430, 'NANDUTU ZAINA', '2025-02-17', 431, NULL),
(431, 'ELIASI (MAKANIKA)', '2025-02-17', 432, NULL),
(432, 'ISMA', '2025-02-17', 433, NULL),
(433, 'MUHUMUZA (STUDENT FEB-APR)', '2025-02-17', 434, NULL),
(434, 'MBABAZI NATASHA', '2025-02-17', 435, NULL),
(435, 'BWIRE KENNETH', '2025-02-17', 436, NULL),
(436, 'MBABAZI JOHN', '2025-02-17', 437, NULL),
(437, 'MUJUZI WILLY', '2025-02-17', 438, NULL),
(438, 'BUKENYA SAID (JAN-FEB)', '2025-02-17', 439, NULL),
(439, 'OCUNA PETER', '2025-02-17', 440, NULL),
(440, 'BYALUHANGA', '2025-02-17', 441, NULL),
(441, 'SHANITAH BUSINGYE', '2025-02-17', 442, NULL),
(442, 'SSENYONDO STEVEN', '2025-02-17', 443, NULL),
(443, 'WABWIRE ALI', '2025-02-17', 444, NULL),
(444, 'KATONGOLE DAVID', '2025-02-17', 445, NULL);

-- --------------------------------------------------------

--
-- Table structure for table `users`
--

CREATE TABLE `users` (
  `id` int(11) NOT NULL,
  `user_name` varchar(100) NOT NULL,
  `email` varchar(255) DEFAULT NULL,
  `name` varchar(100) NOT NULL,
  `pass` varchar(100) NOT NULL,
  `role` varchar(100) NOT NULL
) ENGINE=InnoDB DEFAULT CHARSET=utf8mb4 COLLATE=utf8mb4_general_ci;

--
-- Dumping data for table `users`
--

INSERT INTO `users` (`id`, `user_name`, `email`, `name`, `pass`, `role`) VALUES
(1, 'admin', NULL, 'Administrator', '$2y$10$9pMoO9PLLwSqweyfG/.Nde.8MmptENHDFxj4L8fu0vSKh4qd5oGfO', 'admin');

--
-- Indexes for dumped tables
--

--
-- Indexes for table `accs_summary`
--
ALTER TABLE `accs_summary`
  ADD PRIMARY KEY (`id`),
  ADD KEY `fk_accs_summary_months` (`f_month`),
  ADD KEY `fk_accs_summary_financial_year` (`f_year`);

--
-- Indexes for table `balances`
--
ALTER TABLE `balances`
  ADD PRIMARY KEY (`id`),
  ADD KEY `fk_balances_months` (`month`),
  ADD KEY `fk_balances_financial_year` (`year`),
  ADD KEY `fk_balances_landlord` (`landlord`),
  ADD KEY `fk_balances_tenants` (`tenant`);

--
-- Indexes for table `cache`
--
ALTER TABLE `cache`
  ADD PRIMARY KEY (`key`);

--
-- Indexes for table `cache_locks`
--
ALTER TABLE `cache_locks`
  ADD PRIMARY KEY (`key`);

--
-- Indexes for table `comission`
--
ALTER TABLE `comission`
  ADD PRIMARY KEY (`id`);

--
-- Indexes for table `disburse_landlord`
--
ALTER TABLE `disburse_landlord`
  ADD PRIMARY KEY (`id`),
  ADD KEY `fk_disburse_money_landlord` (`landlord`);

--
-- Indexes for table `failed_jobs`
--
ALTER TABLE `failed_jobs`
  ADD PRIMARY KEY (`id`),
  ADD UNIQUE KEY `failed_jobs_uuid_unique` (`uuid`);

--
-- Indexes for table `financial_year`
--
ALTER TABLE `financial_year`
  ADD PRIMARY KEY (`id`),
  ADD UNIQUE KEY `unq_financial_year_year` (`year`);

--
-- Indexes for table `jobs`
--
ALTER TABLE `jobs`
  ADD PRIMARY KEY (`id`),
  ADD KEY `jobs_queue_index` (`queue`);

--
-- Indexes for table `job_batches`
--
ALTER TABLE `job_batches`
  ADD PRIMARY KEY (`id`);

--
-- Indexes for table `landlord`
--
ALTER TABLE `landlord`
  ADD PRIMARY KEY (`id`);

--
-- Indexes for table `migrations`
--
ALTER TABLE `migrations`
  ADD PRIMARY KEY (`id`);

--
-- Indexes for table `months`
--
ALTER TABLE `months`
  ADD PRIMARY KEY (`id`),
  ADD UNIQUE KEY `unq_months_name` (`name`);

--
-- Indexes for table `password_reset_tokens`
--
ALTER TABLE `password_reset_tokens`
  ADD PRIMARY KEY (`email`);

--
-- Indexes for table `period_money`
--
ALTER TABLE `period_money`
  ADD PRIMARY KEY (`id`),
  ADD KEY `fk_period_money_financial_year` (`year`),
  ADD KEY `fk_period_money_comission` (`month`);

--
-- Indexes for table `rooms`
--
ALTER TABLE `rooms`
  ADD PRIMARY KEY (`id`),
  ADD KEY `fk_rooms_landlord` (`landlord`);

--
-- Indexes for table `rooms_payment`
--
ALTER TABLE `rooms_payment`
  ADD PRIMARY KEY (`id`),
  ADD KEY `fk_rooms_payment_cache_locks` (`landlord`),
  ADD KEY `fk_rooms_payment` (`year`),
  ADD KEY `fk_rooms_payment_months` (`month`),
  ADD KEY `fk_rooms_payment_job_batches` (`tenant`),
  ADD KEY `fk_rooms_payment_rooms` (`room`);

--
-- Indexes for table `sessions`
--
ALTER TABLE `sessions`
  ADD PRIMARY KEY (`id`),
  ADD KEY `sessions_user_id_index` (`user_id`),
  ADD KEY `sessions_last_activity_index` (`last_activity`);

--
-- Indexes for table `staff`
--
ALTER TABLE `staff`
  ADD PRIMARY KEY (`id`);

--
-- Indexes for table `tenants`
--
ALTER TABLE `tenants`
  ADD PRIMARY KEY (`id`),
  ADD UNIQUE KEY `room_id` (`room_id`);

--
-- Indexes for table `users`
--
ALTER TABLE `users`
  ADD PRIMARY KEY (`id`);

--
-- AUTO_INCREMENT for dumped tables
--

--
-- AUTO_INCREMENT for table `accs_summary`
--
ALTER TABLE `accs_summary`
  MODIFY `id` int(11) NOT NULL AUTO_INCREMENT;

--
-- AUTO_INCREMENT for table `balances`
--
ALTER TABLE `balances`
  MODIFY `id` int(11) NOT NULL AUTO_INCREMENT, AUTO_INCREMENT=449;

--
-- AUTO_INCREMENT for table `comission`
--
ALTER TABLE `comission`
  MODIFY `id` int(11) NOT NULL AUTO_INCREMENT;

--
-- AUTO_INCREMENT for table `disburse_landlord`
--
ALTER TABLE `disburse_landlord`
  MODIFY `id` int(11) NOT NULL AUTO_INCREMENT;

--
-- AUTO_INCREMENT for table `failed_jobs`
--
ALTER TABLE `failed_jobs`
  MODIFY `id` bigint(20) UNSIGNED NOT NULL AUTO_INCREMENT;

--
-- AUTO_INCREMENT for table `financial_year`
--
ALTER TABLE `financial_year`
  MODIFY `id` int(11) NOT NULL AUTO_INCREMENT, AUTO_INCREMENT=2;

--
-- AUTO_INCREMENT for table `jobs`
--
ALTER TABLE `jobs`
  MODIFY `id` bigint(20) UNSIGNED NOT NULL AUTO_INCREMENT;

--
-- AUTO_INCREMENT for table `landlord`
--
ALTER TABLE `landlord`
  MODIFY `id` int(11) NOT NULL AUTO_INCREMENT, AUTO_INCREMENT=56;

--
-- AUTO_INCREMENT for table `migrations`
--
ALTER TABLE `migrations`
  MODIFY `id` int(10) UNSIGNED NOT NULL AUTO_INCREMENT;

--
-- AUTO_INCREMENT for table `months`
--
ALTER TABLE `months`
  MODIFY `id` int(11) NOT NULL AUTO_INCREMENT, AUTO_INCREMENT=15;

--
-- AUTO_INCREMENT for table `period_money`
--
ALTER TABLE `period_money`
  MODIFY `id` int(11) NOT NULL AUTO_INCREMENT;

--
-- AUTO_INCREMENT for table `rooms`
--
ALTER TABLE `rooms`
  MODIFY `id` int(11) NOT NULL AUTO_INCREMENT, AUTO_INCREMENT=446;

--
-- AUTO_INCREMENT for table `rooms_payment`
--
ALTER TABLE `rooms_payment`
  MODIFY `id` int(11) NOT NULL AUTO_INCREMENT;

--
-- AUTO_INCREMENT for table `staff`
--
ALTER TABLE `staff`
  MODIFY `id` int(11) NOT NULL AUTO_INCREMENT;

--
-- AUTO_INCREMENT for table `tenants`
--
ALTER TABLE `tenants`
  MODIFY `id` int(11) NOT NULL AUTO_INCREMENT, AUTO_INCREMENT=445;

--
-- AUTO_INCREMENT for table `users`
--
ALTER TABLE `users`
  MODIFY `id` int(11) NOT NULL AUTO_INCREMENT, AUTO_INCREMENT=2;

--
-- Constraints for dumped tables
--

--
-- Constraints for table `accs_summary`
--
ALTER TABLE `accs_summary`
  ADD CONSTRAINT `fk_accs_summary_financial_year` FOREIGN KEY (`f_year`) REFERENCES `financial_year` (`year`) ON DELETE NO ACTION ON UPDATE NO ACTION,
  ADD CONSTRAINT `fk_accs_summary_months` FOREIGN KEY (`f_month`) REFERENCES `months` (`name`) ON DELETE NO ACTION ON UPDATE NO ACTION;

--
-- Constraints for table `balances`
--
ALTER TABLE `balances`
  ADD CONSTRAINT `fk_balances_financial_year` FOREIGN KEY (`year`) REFERENCES `financial_year` (`year`) ON DELETE NO ACTION ON UPDATE NO ACTION,
  ADD CONSTRAINT `fk_balances_landlord` FOREIGN KEY (`landlord`) REFERENCES `landlord` (`id`) ON DELETE CASCADE ON UPDATE NO ACTION,
  ADD CONSTRAINT `fk_balances_months` FOREIGN KEY (`month`) REFERENCES `months` (`name`) ON DELETE NO ACTION ON UPDATE NO ACTION,
  ADD CONSTRAINT `fk_balances_tenants` FOREIGN KEY (`tenant`) REFERENCES `tenants` (`id`) ON DELETE CASCADE ON UPDATE NO ACTION;

--
-- Constraints for table `disburse_landlord`
--
ALTER TABLE `disburse_landlord`
  ADD CONSTRAINT `fk_disburse_money_landlord` FOREIGN KEY (`landlord`) REFERENCES `landlord` (`id`) ON DELETE CASCADE ON UPDATE NO ACTION;

--
-- Constraints for table `period_money`
--
ALTER TABLE `period_money`
  ADD CONSTRAINT `fk_period_money_comission` FOREIGN KEY (`month`) REFERENCES `months` (`id`) ON DELETE NO ACTION ON UPDATE NO ACTION,
  ADD CONSTRAINT `fk_period_money_financial_year` FOREIGN KEY (`year`) REFERENCES `financial_year` (`id`) ON DELETE NO ACTION ON UPDATE NO ACTION;

--
-- Constraints for table `rooms`
--
ALTER TABLE `rooms`
  ADD CONSTRAINT `fk_rooms_landlord` FOREIGN KEY (`landlord`) REFERENCES `landlord` (`id`) ON DELETE CASCADE ON UPDATE NO ACTION;

--
-- Constraints for table `rooms_payment`
--
ALTER TABLE `rooms_payment`
  ADD CONSTRAINT `fk_rooms_payment` FOREIGN KEY (`year`) REFERENCES `financial_year` (`year`) ON DELETE NO ACTION ON UPDATE NO ACTION,
  ADD CONSTRAINT `fk_rooms_payment_cache_locks` FOREIGN KEY (`landlord`) REFERENCES `landlord` (`id`) ON DELETE NO ACTION ON UPDATE NO ACTION,
  ADD CONSTRAINT `fk_rooms_payment_job_batches` FOREIGN KEY (`tenant`) REFERENCES `tenants` (`id`) ON DELETE SET NULL ON UPDATE NO ACTION,
  ADD CONSTRAINT `fk_rooms_payment_months` FOREIGN KEY (`month`) REFERENCES `months` (`name`) ON DELETE NO ACTION ON UPDATE NO ACTION,
  ADD CONSTRAINT `fk_rooms_payment_rooms` FOREIGN KEY (`room`) REFERENCES `rooms` (`id`) ON DELETE CASCADE ON UPDATE NO ACTION;

--
-- Constraints for table `tenants`
--
ALTER TABLE `tenants`
  ADD CONSTRAINT `fk_tenants_landlord` FOREIGN KEY (`room_id`) REFERENCES `rooms` (`id`) ON DELETE SET NULL ON UPDATE NO ACTION;
COMMIT;

/*!40101 SET CHARACTER_SET_CLIENT=@OLD_CHARACTER_SET_CLIENT */;
/*!40101 SET CHARACTER_SET_RESULTS=@OLD_CHARACTER_SET_RESULTS */;
/*!40101 SET COLLATION_CONNECTION=@OLD_COLLATION_CONNECTION */;
